test_id,test_strain,type,ailment_1,ailment_2,ailment_3,ailment_4,ailment_5,effects_1,effects_2,effects_3,effects_4,effects_5,effects_6,effects_7,effects_8,flavor_1,flavor_2,flavor_3,flavor_4
19,Dutch Hawaiian,Sativa,Depression, Stress, Pain, Nausea,,Happy, Energetic, Uplifted, Euphoric, Relaxed, Dry Mouth, Anxious,,Citrus, Sweet,,
21,SleeStack,Hybrid,Stress, Depression,,,,Uplifted, Euphoric, Creative, Relaxed, Talkative, Anxious, Dry Mouth,,Sweet, Pine,,
22,Space Needle,Sativa,Depression, Stress,,,,Uplifted, Euphoric, Happy, Hungry, Relaxed, Dry Mouth, Anxious,,Pine,,,
23,Double Purple Doja,Hybrid,Pain, Stress, Inflammation, Muscle Spasms,,Relaxed, Creative, Sleepy, Happy, Euphoric, Dry Mouth, Anxious,,Earthy, Grape,,
37,Jack Skellington,Hybrid,Stress, Depression, Pain, Muscle Spasms,,Creative, Relaxed, Euphoric, Energetic, Happy, Dry Mouth, Paranoid, Anxious,Citrus, Sweet,,
38,Northern Lights,Hybrid,Stress, Pain, Insomnia, Depression, Lack of Appetite,Relaxed, Sleepy, Happy, Euphoric, Hungry, Dry Mouth, Anxious, Paranoid,Earthy, Pine, Sweet,
38,Northern Lights,Hybrid,Stress, Pain, Insomnia, Depression, Lack of Appetite,Relaxed, Sleepy, Happy, Euphoric, Hungry, Dry Mouth, Anxious, Paranoid,Earthy, Pine, Sweet,
42,Qleaner,Hybrid,,,,,,Uplifted,Energetic,Happy,Euphoric,Creative,,,,,,,
43,Qush,Hybrid,Stress, Pain, Depression, Insomnia, Lack of Appetite,Relaxed, Sleepy, Uplifted, Happy, Euphoric, Dry Mouth,,,Citrus,,,
52,Afgoo,Indica,Stress, Pain, Insomnia, Lack of Appetite, Muscle Spasms,Relaxed, Sleepy, Happy, Euphoric, Hungry, Dry Mouth, Paranoid, Anxious,Pine, Earthy, Citrus,
57,Pineapple,Hybrid,,,,,,Happy,Uplifted,Euphoric,Relaxed,Energetic,,,,Earthy,Grape,Berry,
59,Jack the Ripper,Hybrid,Stress, Depression, Pain,,,Happy, Energetic, Uplifted, Euphoric, Talkative, Dry Mouth, Paranoid, Anxious,Lemon, Citrus, Earthy,
60,Grape Ape,Hybrid,Stress, Pain, Insomnia, Depression,,Relaxed, Sleepy, Happy, Euphoric, Uplifted, Dry Mouth, Anxious,,Grape, Sweet, Berry,
62,Harlequin,Hybrid,Stress, Pain, Depression, Inflammation,,Relaxed, Focused, Uplifted, Happy, Energetic, Dry Mouth, Anxious,,Earthy, Sweet,,
64,Chocolope,Sativa,Stress, Depression, Pain, Lack of Appetite,,Happy, Energetic, Uplifted, Euphoric, Creative, Dry Mouth, Anxious, Paranoid,Earthy, Coffee, Sweet,
72,Gremlin,Hybrid,,,,,,Euphoric,Relaxed,Uplifted,Aroused,Sleepy,,,,,,,
74,Jack Herer,Hybrid,Stress, Depression, Pain, Lack of Appetite,,Happy, Energetic, Uplifted, Creative, Euphoric, Dry Mouth, Paranoid, Anxious,Earthy, Pine,,
82,AK-47,Hybrid,,,,,,Happy,Relaxed,Uplifted,Euphoric,Energetic,,,,,,,
83,Ace of Spades,Hybrid,Stress, Lack of Appetite, Pain, Depression, Insomnia,Relaxed, Happy, Uplifted, Euphoric, Sleepy, Dry Mouth, Paranoid, Anxious,Earthy, Berry,,
86,G-13,Hybrid,,,,,,Relaxed,Happy,Euphoric,Uplifted,Hungry,,,,Chemical,Sage,Flowery,
87,Permafrost,Hybrid,,,,,,Focused,Happy,Relaxed,Talkative,Euphoric,,,,,,,
89,Sour Diesel,Hybrid,,,,,,,,,,,,,,Earthy,Sweet,Pungent,
90,Casey Jones,Hybrid,Depression, Stress, Pain, Inflammation,,Euphoric, Energetic, Uplifted, Happy, Talkative, Dry Mouth, Paranoid, Anxious,Sweet, Earthy,,
91,Purple Urkel,Indica,,,,,,,,,,,,,,Sweet,Earthy,Tropical,
93,Agent Orange,Hybrid,,,,,,,,,,,,,,Spicy/Herbal,Sage,Woody,
96,Querkle,Hybrid,Stress, Pain, Insomnia, Lack of Appetite, Depression,Relaxed, Happy, Euphoric, Sleepy, Uplifted, Dry Mouth, Anxious,,Sweet, Earthy, Berry,
100,Amnesia,Sativa,Stress, Depression, Pain, Lack of Appetite,,Happy, Euphoric, Uplifted, Relaxed, Energetic, Dry Mouth, Paranoid, Anxious,Earthy, Sweet,,
101,Cinex,Hybrid,Depression, Stress, Pain,,,Energetic, Uplifted, Happy, Focused, Euphoric, Dry Mouth, Anxious, Paranoid,Citrus, Earthy,,
103,Godzilla,Hybrid,Pain, Inflammation, Stress, Insomnia, Depression,Euphoric, Relaxed, Sleepy, Creative, Happy, Dry Mouth,,,Earthy, Berry,,
105,Blueberry Kush,Indica,Pain, Stress, Insomnia, Depression, Lack of Appetite,Relaxed, Happy, Euphoric, Sleepy, Hungry, Dry Mouth, Paranoid,,Blueberry, Berry, Sweet,
116,Pitbull,Indica,Pain, Stress, Depression, Nausea, Insomnia,Relaxed, Sleepy, Happy, Euphoric, Hungry, Dry Mouth, Paranoid, Anxious,Earthy, Sweet,,
130,Vortex,Hybrid,Stress, Depression, Pain,,,Uplifted, Euphoric, Relaxed, Happy, Energetic, Dry Mouth, Anxious,,Mango, Earthy, Lemon,
131,Tangerine Dream,Hybrid,,,,,,,,,,,,,,Flowery,Citrus,Pungent,
132,Royal Queen,Hybrid,,,,,,,,,,,,,,Sweet,Pine,Woody,
137,Moby Dick,Hybrid,Stress, Depression, Pain,,,Happy, Euphoric, Uplifted, Relaxed, Energetic, Dry Mouth, Paranoid, Anxious,Citrus, Earthy, Sweet,
139,Purple Pineapple,Hybrid,,,,,,,,,,,,,,Sweet,Earthy,Tropical,
158,Blue Magoo,Hybrid,,,,,,,,,,,,,,Tree,Fruit,Sweet,Grape
159,Critical Mass,Hybrid,Stress, Pain, Depression, Insomnia, Inflammation,Relaxed, Happy, Sleepy, Uplifted, Focused, Dry Mouth, Anxious, Paranoid,Earthy, Sweet,,
160,Grape Krush,Hybrid,,,,,,,,,,,,,,Earthy,Sweet,Pine,
163,Train Wreck,Hybrid,,,,,,,,,,,,,,Earthy,Berry,Blueberry,
171,Trainwreck,Hybrid,,,,,,Happy,Euphoric,Relaxed,Uplifted,Creative,,,,Woody,Earthy,Citrus,
173,Afgooey,Indica,Pain, Insomnia, Lack of Appetite, Stress, Muscle Spasms,Relaxed, Happy, Sleepy, Euphoric, Dry Mouth, Paranoid, Anxious,,Earthy, Pine,,
177,Bubba Kush,Hybrid,Pain, Stress, Insomnia, Depression, Lack of Appetite,Relaxed, Happy, Sleepy, Euphoric, Hungry, Dry Mouth, Anxious, Paranoid,Earthy, Sweet,,
182,Lavender,Indica,Stress, Pain, Depression, Insomnia, Nausea,Relaxed, Happy, Euphoric, Sleepy, Uplifted, Dry Mouth, Paranoid,,Lavender, Sweet,,
206,Alice in Wonderland,Hybrid,Lack of Appetite, Stress, Depression, Muscle Spasms,,Relaxed, Happy, Uplifted, Focused, Creative, Dry Mouth, Anxious,,Pine, Earthy, Sweet,
208,Strawberry Cough,Hybrid,Stress, Depression, Pain, Lack of Appetite,,Happy, Euphoric, Uplifted, Energetic, Relaxed, Dry Mouth, Anxious, Paranoid,Strawberry, Sweet, Berry,
214,Dynamite,Hybrid,Stress, Pain, Inflammation, Depression,,Euphoric, Tingly, Talkative, Creative, Horny, Dry Mouth, Anxious,,Earthy, Citrus,,
216,Headband,Hybrid,,,,,,Happy,Relaxed,Uplifted,Euphoric,Creative,,,,,,,
226,Durban Poison,Sativa,Depression, Stress, Pain, Nausea,,Uplifted, Happy, Energetic, Focused, Euphoric, Dry Mouth, Paranoid, Anxious,Earthy, Sweet, Pine,
230,Skunk #1,Hybrid,,,,,,,,,,,,,,Berry,Lavender,Earthy,
234,Candy Skunk,Hybrid,,,,,,,,,,,,,,Tropical,Sweet,Tree,Fruit
243,Blue God,Hybrid,Pain, Insomnia, Stress, Depression, Lack of Appetite,Relaxed, Sleepy, Euphoric, Hungry, Happy, Dry Mouth, Paranoid,,Berry, Blueberry, Sweet,
244,Space Queen,Hybrid,,,,,,,,,,,,,,Tropical,Sweet,Tree,Fruit
274,Night Train,Hybrid,Insomnia, Pain, Stress, Lack of Appetite,,Relaxed, Sleepy, Tingly, Euphoric, Uplifted,,,,Pepper,,,
276,Blackberry Kush,Hybrid,Stress, Pain, Insomnia, Depression, Nausea,Relaxed, Sleepy, Happy, Euphoric, Hungry, Dry Mouth, Paranoid, Anxious,Berry, Sweet, Earthy,
285,Big Bud,Hybrid,Stress, Pain, Insomnia, Depression, Muscle Spasms,Relaxed, Sleepy, Hungry, Happy, Euphoric, Dry Mouth, Paranoid,,Earthy,,,
286,Blue Cheese,Hybrid,Stress, Insomnia, Pain, Depression,,Relaxed, Happy, Euphoric, Sleepy, Uplifted, Dry Mouth, Anxious,,Blueberry,,,
294,OG Kush,Hybrid,,,,,,,,,,,,,,Earthy,Skunk,Flowery,
296,Shining Silver Haze,Hybrid,Stress,,,,,Talkative, Happy, Focused, Uplifted, Energetic,,,,,,,
308,Sage,Hybrid,,,,,,Happy,Euphoric,Relaxed,Uplifted,Energetic,,,,,,,
317,Purple Jolly Rancher,Hybrid,Insomnia, Pain, Nausea, Depression,,Relaxed, Euphoric, Sleepy, Happy, Uplifted, Dry Mouth, Anxious,,Citrus,,,
347,Chocolate Thai,Hybrid,Stress, Depression, Pain, Insomnia, Nausea,Relaxed, Uplifted, Happy, Focused, Sleepy, Dry Mouth, Paranoid, Anxious,Earthy, Coffee,,
352,Obama Kush,Hybrid,Pain, Stress, Depression, Nausea, Muscle Spasms,Relaxed, Uplifted, Euphoric, Happy, Focused, Dry Mouth, Paranoid, Anxious,Earthy, Sweet,,
358,Purple Kush,Hybrid,Stress, Pain, Insomnia, Depression, Muscle Spasms,Relaxed, Sleepy, Happy, Euphoric, Hungry, Dry Mouth, Paranoid,,Earthy, Berry, Grape,
360,Schrom,Hybrid,Stress, Depression, Lack of Appetite, Muscle Spasms,,Happy, Relaxed, Uplifted, Energetic, Creative, Dry Mouth,,,Lemon, Citrus, Pine,
471,Chemdawg,Hybrid,,,,,,Relaxed,Happy,Euphoric,Uplifted,Creative,,,,,,,
474,UW,Indica,Insomnia, Stress, Pain, Lack of Appetite, Depression,Relaxed, Sleepy, Hungry, Happy, Euphoric, Dry Mouth, Paranoid, Anxious,Earthy, Berry,,
495,Warlock,Hybrid,,,,,,Relaxed,Hungry,Happy,Euphoric,Uplifted,,,,Earthy,Sweet,Woody,
605,God Bud,Hybrid,Stress, Pain, Depression, Inflammation, Insomnia,Relaxed, Happy, Euphoric, Sleepy, Uplifted, Dry Mouth, Paranoid, Anxious,Earthy, Sweet,,
637,Grape God,Hybrid,,,,,,,,,,,,,,Lavender,Tobacco,Earthy,
652,Blue Hawaiian,Hybrid,,,,,,,,,,,,,,Earthy,Woody,Pine,
673,Seattle Cough,Hybrid,Depression, Stress, Inflammation, Nausea,,Happy, Creative, Uplifted, Relaxed, Talkative, Dry Mouth, Paranoid,,Pine, Citrus,,
707,Freezeland,Indica,Stress, Insomnia, Depression, Lack of Appetite,,Happy, Euphoric, Relaxed, Sleepy, Dry Mouth, Paranoid,,,Pine, Earthy,,
730,Black Cherry OG,Indica,Insomnia, Pain, Stress, Depression,,Relaxed, Uplifted, Happy, Euphoric, Tingly, Dry Mouth, Anxious, Paranoid,Berry, Sweet, Earthy,
747,Romulan,Hybrid,Stress, Pain, Insomnia, Muscle Spasms,,Relaxed, Sleepy, Euphoric, Happy, Uplifted, Dry Mouth, Paranoid,,Earthy, Sweet,,
786,Ice,Hybrid,,,,,,Euphoric,Uplifted,Relaxed,Happy,Tingly,,,,,,,
803,Dirty Girl,Hybrid,Depression, Stress, Pain, Insomnia,,Happy, Uplifted, Euphoric, Creative, Energetic, Dry Mouth, Paranoid, Anxious,Sweet, Pine,,
814,B-52,Hybrid,Stress, Insomnia, Lack of Appetite, Depression,,Relaxed, Uplifted, Focused, Euphoric, Creative, Dry Mouth, Paranoid, Anxious,Earthy, Sweet,,
843,Plushberry,Hybrid,Stress, Pain, Depression, Insomnia, Lack of Appetite,Relaxed, Happy, Euphoric, Sleepy, Hungry, Dry Mouth, Anxious,,Berry, Sweet,,
844,Mickey Kush,Sativa,Depression, Stress, Pain, Lack of Appetite,,Happy, Uplifted, Energetic, Euphoric, Talkative, Dry Mouth, Paranoid, Anxious,Earthy, Sweet, Pine,
933,Double Purple,Hybrid,,,,,,,,,,,,,,Earthy,Sweet,Pine,
944,Master Kush,Hybrid,Stress, Pain, Insomnia, Depression,,Relaxed, Happy, Sleepy, Euphoric, Hungry, Dry Mouth, Paranoid, Anxious,Earthy,,,
945,New York Diesel,Sativa,,,,,,,,,,,,,,Citrus,Spicy/Herbal,Sweet,
950,Shiva Skunk,Hybrid,Pain, Stress, Insomnia, Lack of Appetite,,Sleepy, Relaxed, Happy, Euphoric, Uplifted, Dry Mouth, Paranoid,,Skunk, Sweet, Earthy,
951,Super Lemon Haze,Hybrid,Stress, Depression, Pain,,,Happy, Uplifted, Euphoric, Energetic, Creative, Dry Mouth, Paranoid, Anxious,Lemon, Citrus, Sweet,
977,Godberry,Indica,Insomnia, Pain, Stress, Muscle Spasms, Depression,Relaxed, Sleepy, Happy, Euphoric, Dry Mouth, Paranoid,,,Berry, Blueberry, Sweet,
1008,Quantum Kush,Hybrid,Depression, Stress, Lack of Appetite, Pain,,Happy, Energetic, Uplifted, Euphoric, Relaxed, Dry Mouth, Paranoid, Anxious,Sweet, Earthy,,
1018,Maui,Hybrid,Depression, Stress, Lack of Appetite,,,Talkative, Energetic, Happy, Uplifted, Euphoric, Dry Mouth, Anxious,,Citrus, Sweet,,
1041,Orange Kush,Hybrid,Stress, Pain, Depression, Insomnia, Nausea,Relaxed, Happy, Uplifted, Sleepy, Euphoric, Dry Mouth, Paranoid, Anxious,Citrus, Orange, Sweet,
1053,Panama Red,Hybrid,Depression, Stress, Pain,,,Happy, Uplifted, Energetic, Focused, Horny, Dry Mouth, Anxious, Paranoid,Citrus, Pine,,
1065,Sour Tangie,Hybrid,Stress, Depression, Pain, Lack of Appetite,,Happy, Uplifted, Euphoric, Relaxed, Energetic, Dry Mouth, Anxious,,Citrus, Orange,,
1074,Timewreck,Hybrid,Depression, Pain, Stress, Lack of Appetite,,Energetic, Uplifted, Talkative, Euphoric, Happy, Anxious, Dry Mouth,,Lemon, Lime,,
1089,Ogre,Hybrid,,,,,,Relaxed,Happy,Euphoric,Uplifted,Aroused,,,,,,,
1090,Black Magic,Hybrid,,,,,,,,,,,,,,Pungent,Earthy,Pine,
1112,O.G. Kush,Sativa,,,,,,,,,,,,,,Butter,Citrus,Cheese,
1113,Purple Elephant,Hybrid,Stress, Pain, Insomnia, Lack of Appetite, Depression,Relaxed, Sleepy, Euphoric, Happy, Tingly, Dry Mouth, Paranoid, Anxious,Sweet, Earthy, Grape,
1115,The HOG,Hybrid,Stress, Depression, Insomnia, Nausea,,Sleepy, Euphoric, Relaxed, Happy, Tingly, Dry Mouth, Paranoid, Anxious,Earthy, Sweet,,
1175,Blueberry,Hybrid,Stress, Pain, Depression, Insomnia, Lack of Appetite,Relaxed, Happy, Euphoric, Sleepy, Uplifted, Dry Mouth, Paranoid, Anxious,Blueberry, Sweet, Berry,
1177,Sugar Plum,Hybrid,Pain, Stress, Inflammation, Lack of Appetite, Nausea,Euphoric, Happy, Relaxed, Uplifted, Creative, Dry Mouth, Paranoid,,Sweet, Berry,,
1178,Cherry Pie,Indica,,,,,,,,,,,,,,Pungent,Earthy,Sweet,
1184,Cream Caramel,Hybrid,Stress, Insomnia, Depression, Pain,,Relaxed, Happy, Sleepy, Euphoric, Focused, Dry Mouth, Anxious,,Sweet, Honey, Earthy,
1192,LA Woman,Hybrid,,,,,,,,,,,,,,Earthy,Berry,Grape,
1217,Remedy,Indica,Stress, Pain, Depression, Insomnia, Inflammation,Relaxed, Sleepy, Happy, Uplifted, Focused, Dry Mouth,,,Earthy, Citrus,,
1243,Elephant,Sativa,,,,,,Happy, Creative, Focused, Relaxed, Euphoric,,,,Sweet, Earthy,,
1259,Blue OG,Hybrid,,,,,,,,,,,,,,Apricot,Earthy,Spicy/Herbal,
1271,Chernobyl,Hybrid,,,,,,Happy,Euphoric,Relaxed,Energetic,Uplifted,,,,,,,
1276,Kosher Kush,Hybrid,Pain, Stress, Depression, Insomnia, Lack of Appetite,Relaxed, Happy, Euphoric, Sleepy, Uplifted, Dry Mouth, Paranoid, Anxious,Earthy,,,
1332,Kali Mist,Hybrid,Stress, Pain, Depression, Lack of Appetite, Muscle Spasms,Energetic, Creative, Happy, Focused, Uplifted, Dry Mouth, Anxious, Paranoid,Earthy, Sweet, Citrus,
1333,Super Skunk,Hybrid,Stress, Pain, Depression, Insomnia, Lack of Appetite,Relaxed, Happy, Sleepy, Hungry, Euphoric, Dry Mouth, Paranoid, Anxious,Skunk, Earthy, Sweet,
1369,Caramelicious,Hybrid,,,,,,Focused,Happy,Relaxed,Euphoric,Creative,,,,,,,
1449,AK-48,Hybrid,,,,,,Happy,Energetic,Uplifted,Creative,Relaxed,,,,,,,
1453,MK Ultra,Hybrid,Stress, Insomnia, Pain, Depression, Lack of Appetite,Relaxed, Happy, Euphoric, Sleepy, Uplifted, Dry Mouth, Paranoid,,Earthy, Sweet,,
1522,Sweet Cheese,Hybrid,Depression, Stress, Lack of Appetite,,,Euphoric, Uplifted, Happy, Energetic, Relaxed, Dry Mouth, Anxious, Paranoid,Sweet,,,
1576,The Black,Hybrid,Insomnia, Stress, Pain, Muscle Spasms, Inflammation,Relaxed, Sleepy, Happy, Tingly, Euphoric, Dry Mouth, Anxious, Paranoid,Earthy, Sweet,,
1631,Super Silver Haze,Sativa,Stress, Depression, Pain, Lack of Appetite,,Happy, Uplifted, Euphoric, Energetic, Relaxed, Dry Mouth, Paranoid, Anxious,Citrus, Earthy, Sweet,
1736,Charlie Sheen,Hybrid,,,,,,,,,,,,,,Spicy/Herbal,Earthy,Sweet,
1741,Purple OG Kush,Indica,Stress, Insomnia, Depression, Lack of Appetite,,Relaxed, Happy, Euphoric, Sleepy, Hungry, Dry Mouth, Anxious, Paranoid,Earthy,,,
1855,THC Bomb,Hybrid,,,,,,,,,,,,,,Earthy,Pungent,Sweet,
1889,Aurora Indica,Hybrid,Stress, Insomnia, Pain, Muscle Spasms, Inflammation,Relaxed, Happy, Sleepy, Euphoric, Uplifted, Dry Mouth, Paranoid,,Pine, Skunk,,
1908,Chronic,Hybrid,,,,,,Relaxed,Happy,Giggly,Euphoric,Energetic,,,,,,,
1921,Fruit Punch,Hybrid,Depression, Stress, Pain, Nausea,,Happy, Uplifted, Euphoric, Energetic, Relaxed, Dry Mouth, Anxious, Paranoid,Sweet, Berry,,
1922,Pot of Gold,Hybrid,Insomnia, Pain, Lack of Appetite, Stress,,Relaxed, Sleepy, Euphoric, Hungry, Uplifted, Paranoid, Anxious, Dry Mouth,Sweet, Grape, Pineapple,
1939,Granddaddy Purple,Indica,Stress, Insomnia, Pain, Depression, Lack of Appetite,Relaxed, Sleepy, Happy, Euphoric, Hungry, Dry Mouth, Paranoid,,Berry, Grape, Sweet,
1959,Burmese,Hybrid,,,,,,,,,,,,,,Earthy,Pungent,Sweet,
2009,Buffalo Bill,Sativa,Depression, Stress, Pain, Insomnia,,Euphoric, Relaxed, Uplifted, Tingly, Happy, Dry Mouth, Anxious,,Pine, Earthy,,
2022,Alaskan Thunder Fuck,Sativa,Stress, Depression, Lack of Appetite, Pain,,Happy, Euphoric, Uplifted, Energetic, Relaxed, Dry Mouth, Paranoid, Anxious,Earthy, Pine,,
2023,Deadwood,Indica,Stress, Muscle Spasms, Pain,,,Relaxed, Sleepy, Creative, Focused, Happy,,,,Berry, Lavender, Earthy,
2044,Green Crack,Hybrid,Stress, Depression, Pain,,,Energetic, Happy, Uplifted, Focused, Euphoric, Dry Mouth, Anxious, Paranoid,Citrus, Sweet, Earthy,
2119,Blackberry Trainwreck,Hybrid,,,,,,,,,,,,,,Earthy,Tropical,Flowery,
2122,Skywalker,Hybrid,Stress, Pain, Depression, Insomnia,,Relaxed, Happy, Sleepy, Euphoric, Hungry, Dry Mouth, Paranoid, Anxious,Earthy, Sweet,,
2140,Blue Mystic,Hybrid,Stress, Depression, Nausea,,,Relaxed, Happy, Uplifted, Sleepy, Dry Mouth, Paranoid, Anxious,,Blueberry, Earthy, Sweet,
2179,Berry White,Hybrid,Stress, Pain, Depression, Insomnia,,Relaxed, Happy, Euphoric, Uplifted, Sleepy, Dry Mouth, Paranoid, Anxious,Berry, Sweet, Blueberry,
2211,Purple Diesel,Hybrid,,,,,,,,,,,,,,Grape,Rose,Honey,
2222,Blue City Diesel,Hybrid,,,,,,,,,,,,,,Lime,Grapefruit,Tropical,
2268,Straight Jacket,Hybrid,,,,,,,,,,,,,,Citrus,Grapefruit,Earthy,
2280,Cinderella 99,Sativa,,,,,,,,,,,,,,Earthy,Spicy/Herbal,Sweet,
2343,Royal Haze,Hybrid,Depression, Stress, Pain,,,Uplifted, Relaxed, Talkative, Happy, Euphoric, Dry Mouth,,,Skunk, Citrus, Earthy,
2350,Strawberry Kush,Hybrid,,,,,,,,,,,,,,Sweet,Berry,Flowery,
2358,Jack Frost,Hybrid,,,,,,,,,,,,,,Earthy,Citrus,Sweet,
2563,X Factor,Hybrid,,,,,,,,,,,,,,Sweet,Woody,Earthy,
2626,Papaya,Hybrid,Stress, Pain, Insomnia, Inflammation,,Relaxed, Sleepy, Happy, Uplifted, Hungry, Dry Mouth, Paranoid, Anxious,Sweet,,,
2626,Papaya,Hybrid,Stress, Pain, Insomnia, Inflammation,,Relaxed, Sleepy, Happy, Uplifted, Hungry, Dry Mouth, Paranoid, Anxious,Sweet,,,
2629,Acapulco Gold,Sativa,Depression, Stress, Pain, Lack of Appetite,,Happy, Euphoric, Uplifted, Relaxed, Creative, Dry Mouth, Paranoid, Anxious,Earthy, Citrus,,
2688,LSD,Hybrid,,,,,,Happy,Relaxed,Euphoric,Uplifted,Creative,,,,Citrus,Pepper,Grapefruit,
2748,Oregon Diesel,Hybrid,Depression, Stress, Insomnia, Pain,,Relaxed, Happy, Euphoric, Uplifted, Tingly, Dry Mouth, Paranoid, Anxious,Earthy,,,
2764,Critical Kush,Indica,Depression, Stress, Pain, Lack of Appetite, Insomnia,Relaxed, Happy, Euphoric, Sleepy, Hungry, Dry Mouth, Anxious, Paranoid,Earthy,,,
2772,Vanilla Kush,Indica,Stress, Pain, Insomnia, Depression, Lack of Appetite,Relaxed, Sleepy, Happy, Euphoric, Uplifted, Dry Mouth, Anxious,,Vanilla, Sweet,,
2945,White Rhino,Hybrid,Stress, Pain, Insomnia, Depression, Lack of Appetite,Relaxed, Happy, Uplifted, Euphoric, Sleepy, Dry Mouth, Paranoid,,Earthy, Sweet,,
2946,White Lavender,Hybrid,,,,,,,,,,,,,,Strawberry,Sweet,Flowery,
2949,Thai,Sativa,Stress, Depression, Pain,,,Happy, Relaxed, Uplifted, Euphoric, Energetic, Dry Mouth, Anxious,,Earthy, Sweet,,
2993,Bubblicious,Hybrid,,,,,,Happy,Relaxed,Talkative,Giggly,Uplifted,,,,Sweet,Tropical,Citrus,
2996,Shark Attack,Hybrid,Pain, Stress, Insomnia, Inflammation,,Happy, Focused, Hungry, Horny, Creative, Dry Mouth, Anxious, Paranoid,Earthy, Skunk,,
3052,Blackberry,Hybrid,,,,,,Relaxed,Euphoric,Happy,Uplifted,Sleepy,,,,,,,
3280,Purple Haze,Hybrid,Depression, Stress, Pain,,,Euphoric, Happy, Uplifted, Relaxed, Creative, Dry Mouth, Paranoid,,Earthy, Sweet, Berry,
3348,Everlast,Indica,Stress, Insomnia, Pain, Depression, Inflammation,Relaxed, Sleepy, Happy, Tingly, Euphoric, Dry Mouth,,,Earthy, Skunk,,
3388,Northern Lights x Blueberry,Hybrid,,,,,,,,,,,,,,Earthy,Pungent,Skunk,
3439,Alien Dawg,Indica,Stress, Pain, Insomnia, Nausea,,Relaxed, Euphoric, Happy, Sleepy, Uplifted, Dry Mouth, Anxious,,Earthy,,,
3510,Blood Wreck,Hybrid,,,,,,,,,,,,,,Sweet,Earthy,Flowery,
3523,Flo,Hybrid,,,,,,Happy,Uplifted,Relaxed,Creative,Focused,,,,,,,
3528,Maui Wowie,Sativa,Stress, Depression, Pain,,,Happy, Uplifted, Euphoric, Energetic, Creative, Dry Mouth, Paranoid, Anxious,Sweet, Pineapple,,
3560,Sensi Star,Hybrid,Stress, Pain, Depression, Insomnia, Lack of Appetite,Relaxed, Sleepy, Euphoric, Happy, Uplifted, Dry Mouth, Paranoid,,Earthy, Sweet,,
3574,Blueberry Skunk,Hybrid,Stress, Pain, Muscle Spasms, Nausea,,Euphoric, Relaxed, Happy, Uplifted, Tingly, Dry Mouth, Anxious, Paranoid,Blueberry, Berry, Skunk,
3581,Snow Leopard,Hybrid,Stress, Pain, Insomnia, Depression, Inflammation,Euphoric, Relaxed, Sleepy, Happy, Uplifted, Dry Mouth, Paranoid,,Earthy, Sweet,,
3586,Cheese,Hybrid,,,,,,Relaxed,Happy,Euphoric,Uplifted,Hungry,,,,,,,
3592,Hindu Kush,Hybrid,Stress, Pain, Insomnia, Depression, Lack of Appetite,Relaxed, Sleepy, Euphoric, Happy, Hungry, Dry Mouth, Anxious, Paranoid,Earthy, Sweet,,
3605,Dutch Dream,Hybrid,,,,,,,,,,,,,,Lavender,Ammonia,Sweet,
3608,Deep Purple,Hybrid,Stress, Pain, Depression, Insomnia, Lack of Appetite,Relaxed, Euphoric, Sleepy, Happy, Tingly, Dry Mouth, Anxious,,Grape, Earthy, Sweet,
3620,Rosetta Stone,Hybrid,,,,,,,,,,,,,,Citrus,Orange,Sweet,
3707,Skunk,Hybrid,,,,,,,,,,,,,,Spicy/Herbal,Pepper,Earthy,
3818,Pez,Indica,Pain, Inflammation, Stress, Insomnia, Depression,Euphoric, Happy, Energetic, Talkative, Relaxed, Dry Mouth, Paranoid,,Sweet, Citrus,,
3847,Phantom Cookies,Hybrid,,,,,,,,,,,,,,Earthy,Pungent,Sweet,
3903,Purple Urkle,Hybrid,Pain, Insomnia, Stress, Depression, Inflammation,Relaxed, Sleepy, Happy, Euphoric, Hungry, Dry Mouth, Anxious,,Sweet, Grape, Berry,
3908,Death Star,Hybrid,Stress, Pain, Depression, Insomnia, Nausea,Relaxed, Happy, Euphoric, Sleepy, Uplifted, Dry Mouth, Anxious, Paranoid,Earthy,,,
3934,Cheeseburger,Hybrid,,,,,,Tingly,Uplifted,Relaxed,Aroused,Creative,,,,,,,
4064,Chocolate Chunk,Hybrid,Insomnia, Pain, Stress, Depression, Nausea,Relaxed, Sleepy, Happy, Euphoric, Uplifted, Dry Mouth, Anxious,,Earthy, Sweet,,
4066,Cherry Kush,Organi,,,,,,,,,,,,,,Lemon,Pine,Earthy,
4073,Amnesia Haze,Hybrid,Stress, Depression, Pain,,,Happy, Uplifted, Euphoric, Energetic, Creative, Dry Mouth, Paranoid, Anxious,Citrus, Lemon, Earthy,
4208,Green Love Potion,Hybrid,Pain, Muscle Spasms, Insomnia, Lack of Appetite, Stress,Relaxed, Horny, Tingly, Euphoric, Sleepy, Dry Mouth,,,Pine,,,
4272,Enigma,Hybrid,Insomnia, Depression, Pain, Nausea, Inflammation,Relaxed, Happy, Sleepy, Euphoric, Dry Mouth,,,,Citrus,,,
4320,Super Blue Dream,Hybrid,,,,,,,,,,,,,,Citrus,Orange,Tropical,
4334,XXX OG,Indica,Stress, Pain, Insomnia, Depression, Lack of Appetite,Sleepy, Relaxed, Happy, Euphoric, Uplifted, Dry Mouth, Paranoid,,Earthy, Pine,,
4374,Omega,Hybrid,,,,,,Euphoric,Happy,Tingly,Relaxed,Uplifted,,,,Tropical,Sweet,Citrus,
4397,CBD Critical Mass,Hybrid,Pain, Inflammation, Depression, Muscle Spasms,,Relaxed, Happy, Euphoric, Tingly, Uplifted, Dry Mouth, Paranoid, Anxious,Earthy,,,
4472,Bay 11,Hybrid,Depression, Insomnia, Stress, Pain,,Happy, Uplifted, Energetic, Relaxed, Creative, Anxious, Dry Mouth,,Sweet, Skunk,,
4526,Critical Sensi Star,Hybrid,Stress, Pain, Depression, Muscle Spasms, Insomnia,Relaxed, Happy, Sleepy, Uplifted, Tingly, Dry Mouth, Paranoid,,Citrus, Sweet,,
4539,Supergirl,Hybrid,Stress, Depression, Pain, Lack of Appetite,,Happy, Relaxed, Sleepy, Euphoric, Dry Mouth, Paranoid,,,Earthy,,,
4551,Strawberry,Sativa,Stress, Depression, Pain,,,Happy, Uplifted, Energetic, Talkative, Euphoric, Dry Mouth, Paranoid,,Strawberry, Sweet, Berry,
4556,Moonshine Haze,Sativa,Stress, Depression, Muscle Spasms,,,Uplifted, Happy, Euphoric, Talkative, Creative, Dry Mouth, Anxious, Paranoid,Earthy, Citrus,,
4679,God,Hybrid,,,,,,,,,,,,,,Sweet,Skunk,Tropical,
4693,Chem Valley Kush,Hybrid,,,,,,,,,,,,,,Earthy,Sweet,Pungent,
4862,LA Confidential,Hybrid,Stress, Pain, Insomnia, Depression,,Relaxed, Happy, Sleepy, Euphoric, Uplifted, Dry Mouth, Paranoid, Anxious,Earthy, Pine, Sweet,
4877,Dance World,Hybrid,Stress, Depression, Pain, Inflammation, Lack of Appetite,Relaxed, Happy, Uplifted, Euphoric, Talkative, Dry Mouth,,,Citrus, Earthy,,
4880,Jack Cheddar,Hybrid,,,,,,,,,,,,,,Menthol,Spicy/Herbal,Pepper,
5070,Cotton Candy,Hybrid,,,,,,,,,,,,,,Citrus,Tropical,Chemical,
5079,Purple Mr. Nice,Indica,Insomnia, Pain, Depression, Stress, Nausea,Relaxed, Sleepy, Euphoric, Happy, Uplifted, Dry Mouth, Anxious,,Earthy, Grape, Sweet,
5136,Big Bang,Hybrid,Pain, Stress, Insomnia, Depression, Lack of Appetite,Relaxed, Happy, Euphoric, Sleepy, Hungry, Dry Mouth, Paranoid, Anxious,Earthy,,,
5184,Island Sweet Skunk,Sativa,Stress, Pain, Depression,,,Happy, Uplifted, Energetic, Euphoric, Creative, Dry Mouth, Paranoid,,Sweet, Skunk,,
5185,Hash Plant,Indica,Stress, Pain, Insomnia, Depression,,Relaxed, Sleepy, Happy, Hungry, Euphoric, Dry Mouth, Paranoid,,Earthy,,,
5185,Hash Plant,Indica,Stress, Pain, Insomnia, Depression,,Relaxed, Sleepy, Happy, Hungry, Euphoric, Dry Mouth, Paranoid,,Earthy,,,
5192,Lemon Haze,Hybrid,Stress, Depression, Pain, Lack of Appetite,,Happy, Uplifted, Euphoric, Energetic, Relaxed, Dry Mouth, Anxious, Paranoid,Lemon, Citrus, Sweet,
5220,Abusive OG,Hybrid,Stress, Pain, Insomnia, Depression, Lack of Appetite,Relaxed, Sleepy, Euphoric, Happy, Hungry, Dry Mouth, Anxious,,Earthy, Citrus,,
5229,Raspberry Kush,Hybrid,Stress, Insomnia, Pain, Lack of Appetite, Muscle Spasms,Relaxed, Happy, Euphoric, Sleepy, Uplifted, Dry Mouth, Paranoid, Anxious,Berry, Sweet,,
5233,Critical Hog,Hybrid,Stress, Depression, Pain, Lack of Appetite,,Relaxed, Happy, Hungry, Sleepy, Euphoric, Dry Mouth, Paranoid,,Earthy,,,
5268,Double Bubble,Hybrid,,,,,,,,,,,,,,Pineapple,Tropical,Sweet,
5440,Pink Champagne,Indica,Stress, Depression, Insomnia,,,Relaxed, Euphoric, Happy, Uplifted, Dry Mouth, Anxious,,,Berry, Sweet, Rose,
5670,Red Headed Stranger,Sativa,Depression, Stress, Pain, Lack of Appetite,,Focused, Happy, Energetic, Uplifted, Creative, Dry Mouth, Paranoid, Anxious,Citrus, Earthy,,
5715,CheeseWreck,Hybrid,,,,,,Happy,Relaxed,Uplifted,Creative,Euphoric,,,,Sweet,Pungent,Citrus,
5744,Sugar Black Rose,Hybrid,Stress, Insomnia, Muscle Spasms, Lack of Appetite,,Relaxed, Happy, Euphoric, Uplifted, Sleepy, Dry Mouth, Anxious,,Sweet, Rose, Earthy,
5782,Jock Horror,Hybrid,Depression, Stress, Lack of Appetite, Insomnia,,Euphoric, Happy, Creative, Hungry, Relaxed, Dry Mouth, Anxious,,Sweet, Berry, Earthy,
5825,Brainwreck,Hybrid,,,,,,Creative,Focused,Uplifted,Happy,Euphoric,,,,Earthy,Pungent,Woody,
5880,Galactic Jack,Hybrid,Depression, Stress, Pain,,,Energetic, Focused, Happy, Uplifted, Euphoric, Dry Mouth, Anxious,,Citrus, Sweet,,
5884,Marionberry Kush,Hybrid,,,,,,,,,,,,,,Earthy,Sweet,Woody,
5885,Pennywise,Hybrid,Stress, Pain, Depression, Insomnia, Inflammation,Relaxed, Happy, Sleepy, Uplifted, Euphoric, Dry Mouth, Anxious, Paranoid,Earthy,,,
5921,WSU,Indica,Pain, Stress, Depression, Insomnia, Lack of Appetite,Relaxed, Euphoric, Hungry, Happy, Talkative, Dry Mouth,,,Pine, Earthy, Berry,
5930,American Kush,Hybrid,Pain, Muscle Spasms, Stress, Insomnia,,Relaxed, Happy, Tingly, Sleepy, Uplifted, Dry Mouth, Anxious,,Sweet, Lemon, Lime,
5941,Cali Orange,Hybrid,,,,,,,,,,,,,,Woody,Earthy,Pine,
5974,Pre-98 Bubba Kush,Indica,Pain, Stress, Insomnia, Inflammation, Lack of Appetite,Relaxed, Sleepy, Happy, Euphoric, Hungry, Dry Mouth, Anxious,,Earthy, Coffee, Pine,
5985,Sweet Tooth,Hybrid,Stress, Pain, Insomnia, Depression, Lack of Appetite,Relaxed, Happy, Euphoric, Uplifted, Tingly, Dry Mouth, Paranoid,,Sweet, Berry,,
5990,Purple Afghani,Hybrid,Stress, Pain, Insomnia, Depression,,Relaxed, Sleepy, Happy, Euphoric, Uplifted, Dry Mouth, Anxious,,Sweet, Grape,,
6068,DJ Short Blueberry,Indica,Stress, Insomnia, Pain, Depression, Lack of Appetite,Relaxed, Happy, Euphoric, Uplifted, Creative, Dry Mouth, Anxious,,Blueberry, Sweet, Berry,
6118,Purple Wreck,Hybrid,Stress, Pain, Depression, Inflammation,,Relaxed, Sleepy, Happy, Uplifted, Dry Mouth, Paranoid, Anxious,,Grape, Sweet, Berry,
6120,Chocolate Kush,Hybrid,Stress, Pain, Insomnia, Lack of Appetite,,Relaxed, Sleepy, Happy, Euphoric, Hungry, Dry Mouth, Paranoid,,Earthy, Coffee, Sweet,
6125,Pure Kush,Indica,Pain, Insomnia, Stress, Nausea,,Relaxed, Sleepy, Euphoric, Happy, Hungry, Dry Mouth, Paranoid,,Earthy, Skunk,,
6285,XJ-13,Hybrid,,,,,,Happy,Euphoric,Relaxed,Uplifted,Creative,,,,,,,
6439,Violator Kush,Indica,Depression, Stress, Insomnia, Pain,,Relaxed, Sleepy, Euphoric, Happy, Focused, Dry Mouth, Paranoid, Anxious,Earthy,,,
6533,G13,Indica,Stress, Pain, Depression, Insomnia, Inflammation,Relaxed, Happy, Euphoric, Sleepy, Uplifted, Dry Mouth, Anxious,,Earthy, Sweet,,
6600,Cannalope Haze,Hybrid,Depression, Stress, Pain, Nausea,,Happy, Relaxed, Focused, Uplifted, Euphoric, Dry Mouth, Paranoid, Anxious,Sweet, Lime,,
6600,Cannalope Haze,Hybrid,Depression, Stress, Pain, Nausea,,Happy, Relaxed, Focused, Uplifted, Euphoric, Dry Mouth, Paranoid, Anxious,Sweet, Lime,,
6611,Tangerine,Hybrid,,,,,,Happy,Uplifted,Energetic,Relaxed,Creative,,,,,,,
6615,Super Sour Diesel,Hybrid,Stress, Depression, Pain,,,Euphoric, Uplifted, Energetic, Happy, Creative, Dry Mouth, Anxious, Paranoid,Earthy, Sweet,,
6622,Blue Venom,Hybrid,,,,,,,,,,,,,,Earthy,Pine,Lemon,
6639,Gigabud,Hybrid,Pain, Stress, Lack of Appetite, Insomnia, Nausea,Hungry, Relaxed, Sleepy, Happy, Focused, Dry Mouth, Anxious,,Sweet, Pine,,
6640,Jamaican Dream,Hybrid,Stress, Depression, Nausea, Muscle Spasms, Pain,Happy, Euphoric, Uplifted, Relaxed, Talkative, Dry Mouth, Paranoid,,Earthy, Lime,,
6698,Mr. Nice,Hybrid,Stress, Pain, Depression, Insomnia,,Relaxed, Happy, Hungry, Sleepy, Dry Mouth, Anxious,,,Sweet, Earthy,,
6823,Afghooey,Indica,Pain, Stress, Insomnia, Depression, Muscle Spasms,Uplifted, Sleepy, Euphoric, Relaxed, Talkative, Dry Mouth, Paranoid,,Earthy, Sweet,,
6831,Cookie Monster,Hybrid,Stress, Pain, Insomnia, Lack of Appetite, Muscle Spasms,Relaxed, Euphoric, Happy, Sleepy, Dry Mouth, Anxious,,,Grape,,,
6832,Sweet Baby Jane,Indica,Muscle Spasms, Stress, Pain, Inflammation, Insomnia,Relaxed, Happy, Sleepy, Tingly, Dry Mouth,,,,Citrus, Sweet,,
6848,Dairy Queen,Hybrid,,,,,,,,,,,,,,Earthy,Diesel,Citrus,
6856,Sweet and Sour Widow,Indica,Pain, Stress, Depression, Insomnia,,Relaxed, Happy, Uplifted, Euphoric, Tingly, Dry Mouth, Paranoid,,Earthy, Sweet,,
6866,Early Girl,Indica,Stress, Pain, Depression, Muscle Spasms, Lack of Appetite,Relaxed, Happy, Uplifted, Euphoric, Hungry, Dry Mouth, Anxious, Paranoid,Citrus, Earthy, Sweet,
6875,Nuken,Hybrid,Depression, Lack of Appetite, Pain,,,Relaxed, Happy, Euphoric, Uplifted, Dry Mouth, Paranoid,,,Citrus, Earthy,,
6939,Kilimanjaro,Sativa,Depression, Stress, Pain, Muscle Spasms,,Energetic, Happy, Talkative, Creative, Uplifted, Dry Mouth, Paranoid, Anxious,Earthy, Pine,,
6941,Wild Thailand,Hybrid,Depression, Pain, Stress,,,Horny, Euphoric, Talkative, Creative, Energetic, Dry Mouth, Anxious,,Sweet, Berry,,
6999,Great White Shark,Sativa,Stress, Pain, Depression,,,Relaxed, Happy, Uplifted, Euphoric, Energetic, Dry Mouth, Anxious,,Earthy, Citrus,,
7004,Haze Mist,Hybrid,Nausea, Stress,,,,Energetic, Focused, Happy, Hungry,,,,,,,,
7019,Kalashnikova,Hybrid,,,,,,Relaxed,Happy,Energetic,Hungry,Sleepy,,,,,,,
7036,Super Critical,Hybrid,,,,,,,,,,,,,,Sage,Pungent,Diesel,
7052,The Doctor,Hybrid,Insomnia, Pain, Stress, Inflammation, Depression,Relaxed, Euphoric, Happy, Sleepy, Dry Mouth, Anxious,,,Earthy, Citrus,,
7409,Jamaican Lion,Hybrid,Pain, Stress, Muscle Spasms, Depression,,Uplifted, Relaxed, Happy, Energetic, Talkative, Dry Mouth, Paranoid,,Earthy, Lime,,
7416,Jedi Kush,Hybrid,Stress, Pain, Depression, Insomnia,,Relaxed, Euphoric, Happy, Uplifted, Sleepy, Dry Mouth, Anxious,,Earthy, Sweet,,
7428,Redwood Kush,Hybrid,Insomnia, Pain, Stress, Depression, Muscle Spasms,Euphoric, Relaxed, Uplifted, Happy, Focused, Dry Mouth, Paranoid,,Pine, Earthy,,
7454,Jesus OG,Hybrid,Stress, Depression, Pain,,,Happy, Euphoric, Uplifted, Focused, Creative, Dry Mouth, Anxious, Paranoid,Earthy, Citrus, Lemon,
7457,ACDC,Sativa,,,,,,Relaxed,Happy,Uplifted,Focused,Euphoric,,,,,,,
7474,Orange Creamsicle,Hybrid,,,,,,,,,,,,,,Diesel,Earthy,Pungent,
7475,Original Blueberry,Hybrid,,,,,,,,,,,,,,Earthy,Sweet,Flowery,
7514,Shark Shock,Hybrid,Pain, Stress, Inflammation, Depression, Muscle Spasms,Relaxed, Euphoric, Focused, Happy, Sleepy, Dry Mouth, Anxious,,Earthy, Sweet,,
7515,SnowLAnd,Hybrid,,,,,,Relaxed,Sleepy,Talkative,Creative,Focused,,,,,,,
7785,Humboldt,Hybrid,,,,,,Relaxed,Sleepy,Euphoric,Happy,Uplifted,,,,Diesel,Flowery,Earthy,
7821,Grapefruit,Hybrid,Stress, Depression, Pain,,,Happy, Energetic, Euphoric, Relaxed, Uplifted, Dry Mouth, Paranoid,,Citrus, Sweet,,
7824,NightFire OG,Hybrid,Stress, Depression,,,,Talkative, Energetic, Happy, Euphoric, Creative, Dry Mouth, Anxious,,Earthy, Citrus,,
7855,Fucking Incredible,Hybrid,Pain, Stress, Depression, Insomnia,,Relaxed, Euphoric, Happy, Uplifted, Dry Mouth, Paranoid, Anxious,,Skunk, Earthy,,
7892,Afghan Skunk,Hybrid,Stress, Insomnia, Depression, Nausea, Muscle Spasms,Relaxed, Happy, Sleepy, Uplifted, Creative, Dry Mouth, Anxious,,Earthy,,,
7911,Monster Cookies,Hybrid,Stress, Pain, Insomnia, Depression,,Relaxed, Happy, Euphoric, Sleepy, Uplifted, Dry Mouth, Paranoid,,Earthy, Grape, Sweet,
7955,Green Dragon,Hybrid,Pain, Stress, Nausea, Depression,,Relaxed, Euphoric, Uplifted, Sleepy, Happy, Dry Mouth, Paranoid, Anxious,Sweet, Earthy,,
8022,Purple Bubba,Indica,Lack of Appetite, Muscle Spasms, Inflammation, Pain, Stress,Relaxed, Sleepy, Hungry, Happy, Tingly, Dry Mouth,,,Grape, Berry, Sweet,
8085,Tropicali,Hybrid,,,,,,Euphoric,Uplifted,Relaxed,Energetic,Happy,,,,,,,
8151,Huckleberry,Hybrid,,,,,,Happy,Relaxed,Talkative,Uplifted,Euphoric,,,,,,,
8349,Yummy,Hybrid,,,,,,Uplifted,Relaxed,Happy,Energetic,Euphoric,,,,,,,
8363,Pineapple Euphoria,Hybrid,,,,,,,,,,,,,,Skunk,Pungent,Earthy,
8597,Chronic Thunder,Indica,Insomnia, Pain, Muscle Spasms, Stress, Lack of Appetite,Relaxed, Happy, Sleepy, Euphoric, Hungry, Dry Mouth, Paranoid, Anxious,Earthy,,,
8766,Jacky White,Hybrid,Stress, Nausea, Depression, Pain,,Energetic, Relaxed, Happy, Focused, Euphoric, Dry Mouth, Anxious, Paranoid,Citrus,,,
8773,Hawaiian,Hybrid,Stress, Depression, Pain, Lack of Appetite, Nausea,Happy, Uplifted, Relaxed, Creative, Talkative, Dry Mouth, Paranoid, Anxious,Sweet, Citrus,,
8873,Emerald Jack,Hybrid,Stress, Depression, Pain, Insomnia,,Happy, Uplifted, Creative, Horny, Euphoric, Dry Mouth, Anxious, Paranoid,Pine, Earthy, Citrus,
8966,K2,Hybrid,,,,,,Relaxed,Happy,Giggly,Hungry,Sleepy,,,,,,,
8985,Cannalope Kush,Hybrid,,,,,,,,,,,,,,Citrus,Lime,Lemon,
8991,Lemon Sour Diesel,Hybrid,,,,,,,,,,,,,,Vanilla,Sweet,Coffee,
9028,Apple Jack,Hybrid,,,,,,,,,,,,,,Earthy,Pungent,Citrus,
9048,Northern Berry,Hybrid,Stress, Pain, Insomnia, Depression, Inflammation,Relaxed, Sleepy, Happy, Euphoric, Tingly, Dry Mouth, Paranoid,,Berry, Sweet, Earthy,
9187,Northern Lights #5,Hybrid,Pain, Stress, Insomnia, Inflammation, Nausea,Relaxed, Euphoric, Happy, Focused, Uplifted, Dry Mouth, Paranoid,,Sweet, Pine, Citrus,
9228,Medusa,Hybrid,,,,,,Relaxed,Happy,Euphoric,Creative,Uplifted,,,,,,,
9237,Black Russian,Hybrid,Stress, Insomnia, Lack of Appetite, Nausea,,Relaxed, Euphoric, Uplifted, Happy, Sleepy, Dry Mouth, Paranoid,,Citrus, Earthy, Lemon,
9494,Golden Pineapple,Hybrid,,,,,,,,,,,,,,Woody,Spicy/Herbal,Sweet,
9532,9 Pound Hammer,Hybrid,Stress, Pain, Insomnia, Depression, Muscle Spasms,Relaxed, Sleepy, Happy, Euphoric, Hungry, Dry Mouth, Anxious,,Earthy, Sweet, Berry,
9751,Jazz,Hybrid,,,,,,Uplifted,Relaxed,Euphoric,Energetic,Happy,,,,,,,
9759,Blue Lights,Indica,Stress, Depression, Insomnia, Nausea, Pain,Euphoric, Relaxed, Energetic, Talkative, Dry Mouth, Paranoid,,,Blueberry, Sweet,,
9774,Frankenstein,Hybrid,Stress, Insomnia, Pain, Depression, Lack of Appetite,Relaxed, Sleepy, Creative, Tingly, Focused, Dry Mouth, Anxious,,Earthy, Skunk,,
9880,Supernatural,Hybrid,Stress, Lack of Appetite,,,,Euphoric, Relaxed, Happy, Energetic, Horny, Dry Mouth,,,Citrus, Earthy,,
9894,Canna-Tsu,Hybrid,,,,,,Relaxed,Happy,Focused,Uplifted,Creative,,,,,,,
9901,Platinum Bubba Kush,Indica,Pain, Stress, Insomnia, Depression, Inflammation,Relaxed, Happy, Euphoric, Sleepy, Uplifted, Dry Mouth, Paranoid,,Earthy,,,
9905,Swiss Gold,Hybrid,Pain, Stress, Depression, Inflammation,,Relaxed, Happy, Focused, Uplifted, Hungry, Dry Mouth, Paranoid, Anxious,Citrus, Berry,,
9954,Blue Power,Hybrid,Stress, Insomnia, Depression, Lack of Appetite, Nausea,Relaxed, Happy, Sleepy, Hungry, Uplifted, Dry Mouth, Paranoid,,Berry, Earthy,,
9990,Jillybean,Hybrid,,,,,,Happy,Uplifted,Euphoric,Relaxed,Creative,,,,,,,
10502,Power Plant,Hybrid,Pain, Stress, Depression, Inflammation,,Happy, Uplifted, Relaxed, Euphoric, Energetic, Dry Mouth, Paranoid,,Earthy,,,
10503,Opium,Hybrid,,,,,,Happy,Relaxed,Euphoric,Uplifted,Giggly,,,,,,,
10504,Skunk 47,Indica,Pain, Depression, Stress, Nausea,,Relaxed, Happy, Uplifted, Euphoric, Sleepy, Dry Mouth,,,Earthy, Skunk,,
10527,C4,Hybrid,,,,,,Relaxed,Happy,Euphoric,Creative,Uplifted,,,,,,,
10764,NYPD,Sativa,Stress, Depression, Pain,,,Uplifted, Relaxed, Happy, Energetic, Euphoric, Anxious, Dry Mouth, Paranoid,Earthy,,,
10983,QuickSilver,Hybrid,,,,,,,,,,,,,,Earthy,Pungent,Citrus,
10997,Space Jill,Sativa,Pain, Stress, Depression, Nausea,,Creative, Focused, Energetic, Uplifted, Euphoric, Dry Mouth, Paranoid,,,,,
11047,White Kush,Hybrid,Insomnia, Pain, Stress, Depression, Lack of Appetite,Sleepy, Relaxed, Hungry, Horny, Happy, Dry Mouth, Paranoid, Anxious,Berry, Sweet,,
11111,Goo,Hybrid,Pain, Stress, Insomnia, Lack of Appetite, Muscle Spasms,Sleepy, Relaxed, Hungry, Euphoric, Happy, Dry Mouth, Paranoid,,Berry, Sweet, Blueberry,
11113,Chemo,Hybrid,Insomnia, Pain, Stress, Lack of Appetite, Depression,Relaxed, Sleepy, Happy, Hungry, Euphoric, Dry Mouth, Paranoid,,Earthy, Sweet,,
11118,True OG,Indica,Stress, Insomnia, Pain, Depression,,Relaxed, Euphoric, Sleepy, Happy, Focused, Dry Mouth, Anxious,,Earthy, Pine,,
11209,Deep Sleep,Indica,Pain, Insomnia, Depression, Lack of Appetite, Nausea,Relaxed, Sleepy, Euphoric, Happy, Tingly, Dry Mouth, Anxious,,Earthy, Sweet, Pine,
11633,Matanuska Thunder,Hybrid,,,,,,,,,,,,,,Sweet,Blueberry,Berry,
11644,Hawaiian Delight,Indica,Pain, Stress, Nausea, Depression,,Happy, Relaxed, Horny, Uplifted, Euphoric, Dry Mouth, Paranoid,,Sweet,,,
11656,Purple Nepal,Hybrid,Stress, Insomnia, Pain, Depression,,Relaxed, Sleepy, Happy, Euphoric, Uplifted, Dry Mouth, Paranoid,,Grape, Berry,,
11745,Dream Berry,Hybrid,Pain, Depression, Stress, Insomnia, Lack of Appetite,Relaxed, Sleepy, Euphoric, Happy, Dry Mouth,,,,Berry, Citrus,,
11770,Gorilla Glue,Hybrid,,,,,,,,,,,,,,Berry,Sweet,Earthy,
11786,Blue Moonshine,Hybrid,Stress, Pain, Depression, Insomnia, Lack of Appetite,Relaxed, Happy, Euphoric, Uplifted, Energetic, Dry Mouth, Paranoid,,Berry, Earthy, Pine,
11867,EWOK,Hybrid,,,,,,Relaxed,Happy,Euphoric,Creative,Uplifted,,,,,,,
11884,Bay Dream,Hybrid,Depression, Stress, Lack of Appetite, Pain,,Happy, Euphoric, Hungry, Uplifted, Focused, Dry Mouth, Paranoid, Anxious,Citrus,,,
11886,Hawaiian Dream,Sativa,Depression, Pain, Inflammation, Stress,,Happy, Relaxed, Focused, Euphoric, Energetic, Dry Mouth, Anxious, Paranoid,Sweet, Pineapple,,
11896,Presidential OG,Hybrid,Insomnia, Stress, Pain, Lack of Appetite, Depression,Relaxed, Sleepy, Happy, Euphoric, Hungry, Dry Mouth, Anxious,,Earthy, Pine,,
11964,Grape Skunk,Hybrid,Nausea, Stress, Pain, Depression, Insomnia,Happy, Uplifted, Talkative, Energetic, Relaxed, Dry Mouth,,,Skunk, Earthy, Grape,
12031,Laughing Buddha,Sativa,Depression, Stress, Pain, Lack of Appetite,,Happy, Euphoric, Uplifted, Energetic, Dry Mouth, Paranoid, Anxious,,Citrus, Sweet,,
12090,MILF,Hybrid,,,,,,Happy,Euphoric,Uplifted,Giggly,Relaxed,,,,,,,
12284,Northern Wreck,Hybrid,Depression, Stress, Pain, Nausea,,Euphoric, Happy, Relaxed, Creative, Uplifted, Dry Mouth, Paranoid, Anxious,Earthy, Pine,,
12426,Blue Dynamite,Hybrid,Pain, Stress, Insomnia, Depression, Lack of Appetite,Relaxed, Sleepy, Happy, Euphoric, Hungry, Dry Mouth, Paranoid,,Citrus, Lemon, Earthy,
12611,Guard Dawg,Hybrid,Muscle Spasms,,,,,Euphoric, Happy, Relaxed,,,,,,Sweet, Earthy,,
12637,Cotton Candy Kush,Hybrid,,,,,,,,,,,,,,Sweet,Earthy,Flowery,
12641,Tutankhamon,Sativa,Depression, Stress, Nausea, Pain, Insomnia,Uplifted, Focused, Happy, Energetic, Euphoric, Dry Mouth, Anxious, Paranoid,Skunk,,,
12827,Champagne,Hybrid,,,,,,,,,,,,,,Cheese,Earthy,Pungent,
12836,Blue Afghani,Hybrid,Lack of Appetite, Stress, Insomnia, Depression,,Relaxed, Euphoric, Hungry, Creative, Happy, Dry Mouth, Paranoid,,Blueberry,,,
12997,Lavender Haze,Sativa,Stress, Depression, Pain, Inflammation, Lack of Appetite,Happy, Focused, Relaxed, Euphoric, Uplifted, Dry Mouth, Anxious, Paranoid,Lavender, Earthy,,
13108,Aliens On Moonshine,Indica,Inflammation, Stress,,,,Relaxed, Happy, Tingly, Focused,,,,,Vanilla,,,
13369,Snowcap,Hybrid,,,,,,Happy,Euphoric,Uplifted,Focused,Creative,,,,,,,
13404,Flowerbomb Kush,Hybrid,Stress, Pain, Lack of Appetite, Muscle Spasms,,Relaxed, Hungry, Sleepy, Tingly, Happy, Dry Mouth, Anxious, Paranoid,Earthy, Citrus,,
13525,Blue Knight,Indica,Stress, Pain, Depression, Lack of Appetite,,Relaxed, Uplifted, Happy, Sleepy, Euphoric, Dry Mouth, Paranoid, Anxious,Berry, Sweet, Blueberry,
13531,Super Silver Sour Diesel Haze,Hybrid,,,,,,,,,,,,,,Cheese,Pepper,Tea,
13701,Platinum Kush,Hybrid,Stress, Insomnia, Lack of Appetite, Pain, Depression,Relaxed, Happy, Hungry, Euphoric, Sleepy, Dry Mouth, Paranoid, Anxious,Earthy, Sweet,,
13817,Matanuska Thunder Fuck,Sativa,Depression, Stress, Pain, Inflammation,,Euphoric, Happy, Relaxed, Creative, Energetic, Dry Mouth, Anxious, Paranoid,Earthy, Pine,,
13845,Afghani,Indica,Stress, Insomnia, Pain, Lack of Appetite, Depression,Relaxed, Sleepy, Euphoric, Happy, Uplifted, Dry Mouth, Paranoid,,Earthy, Sweet, Pine,
14053,Bubbleberry,Hybrid,,,,,,Happy,Relaxed,Focused,Uplifted,Hungry,,,,,,,
14223,Hammerhead,Hybrid,Insomnia, Pain, Stress, Lack of Appetite,,Sleepy, Horny, Tingly, Relaxed, Euphoric, Dry Mouth,,,Berry, Earthy,,
14253,Vader OG,Hybrid,Pain, Stress, Depression, Insomnia,,Relaxed, Happy, Talkative, Creative, Anxious,,,,Earthy, Sweet,,
14283,Key Lime Pie,Hybrid,,,,,,,,,,,,,,Menthol,Spicy/Herbal,Sweet,
14472,Blue Alien,Hybrid,Pain, Stress, Insomnia, Inflammation,,Relaxed, Euphoric, Sleepy, Hungry, Happy, Dry Mouth, Paranoid, Anxious,Blueberry, Grape, Citrus,
14538,Dark Star,Indica,Pain, Stress, Insomnia, Depression,,Relaxed, Happy, Sleepy, Euphoric, Uplifted, Dry Mouth, Paranoid, Anxious,Earthy, Pine,,
14714,Strawberry Mango Haze,Sativa,Stress, Depression, Pain,,,Happy, Euphoric, Uplifted, Focused, Dry Mouth, Paranoid, Anxious,,Mango, Strawberry, Sweet,
14801,Nordle,Hybrid,Stress, Pain, Depression, Inflammation, Muscle Spasms,Relaxed, Happy, Sleepy, Focused, Dry Mouth, Paranoid, Anxious,,Pine,,,
15126,Pineapple Super Silver Haze,Sativa,Stress, Depression, Lack of Appetite, Pain,,Happy, Uplifted, Euphoric, Creative, Energetic, Dry Mouth, Anxious, Paranoid,Pineapple, Citrus, Sweet,
15206,Trinity,Hybrid,Depression, Pain, Stress, Muscle Spasms,,Happy, Uplifted, Euphoric, Relaxed, Horny, Dry Mouth, Anxious, Paranoid,Earthy, Skunk,,
15590,Ancient OG,Hybrid,Stress, Insomnia, Depression, Pain, Lack of Appetite,Relaxed, Sleepy, Euphoric, Happy, Hungry, Dry Mouth, Paranoid,,Earthy, Pine,,
15780,Shishkaberry,Indica,Stress, Depression, Insomnia, Pain,,Relaxed, Happy, Uplifted, Euphoric, Sleepy, Dry Mouth, Paranoid,,Berry, Sweet, Earthy,
15792,Purple Pinecone,Hybrid,,,,,,Euphoric, Focused, Happy, Relaxed, Uplifted,,,,,,,
15993,Wappa,Hybrid,,,,,,Happy,Giggly,Relaxed,Hungry,Uplifted,,,,,,,
16381,Purple Dragon,Indica,Stress, Insomnia, Depression, Pain,,Relaxed, Euphoric, Uplifted, Happy, Dry Mouth, Paranoid, Anxious,,Grape, Earthy, Sweet,
16451,Candyland,Sativa,Stress, Depression, Pain,,,Happy, Uplifted, Euphoric, Energetic, Relaxed, Dry Mouth, Anxious,,Sweet, Earthy,,
16453,3X Crazy,Indica,Stress, Insomnia, Pain, Depression, Lack of Appetite,Relaxed, Happy, Uplifted, Euphoric, Creative, Dry Mouth, Anxious, Paranoid,Earthy, Grape, Sweet,
16543,Mazar Kush,Indica,Pain, Insomnia, Inflammation, Stress, Nausea,Relaxed, Sleepy, Happy, Hungry, Dry Mouth, Anxious,,,Earthy,,,
16594,Bianca,Hybrid,,,,,,Relaxed,Sleepy,Euphoric,Focused,Creative,,,,,,,
16698,Sin Diesel,Hybrid,,,,,,,,,,,,,,Cheese,Woody,Pungent,
16819,Ghost OG Moonshine,Indica,Depression, Lack of Appetite, Pain, Stress, Insomnia,Euphoric, Happy, Hungry, Relaxed, Sleepy, Dry Mouth,,,Earthy, Skunk,,
16975,Platinum OG,Indica,Stress, Insomnia, Pain, Depression, Lack of Appetite,Relaxed, Sleepy, Euphoric, Happy, Hungry, Dry Mouth, Paranoid, Anxious,Earthy, Sweet,,
17000,Blue Train,Hybrid,,,,,,,,,,,,,,Citrus,Earthy,Sweet,
17211,Dancehall,Hybrid,,,,,,Happy,Relaxed,Uplifted,Energetic,Creative,,,,,,,
17429,Strawberry Ice,Sativa,Depression, Stress, Pain,,,Euphoric, Uplifted, Focused, Energetic, Happy, Dry Mouth, Paranoid,,Strawberry, Sweet, Berry,
17708,ReCON,Hybrid,Stress, Insomnia, Nausea, Pain, Lack of Appetite,Relaxed, Hungry, Sleepy, Happy, Euphoric, Dry Mouth, Anxious, Paranoid,Sweet,,,
17750,P-51,Indica,Pain, Insomnia, Nausea, Stress,,Happy, Tingly, Uplifted, Relaxed, Dry Mouth, Paranoid,,,Earthy, Sweet,,
17932,Conspiracy Kush,Hybrid,Pain, Lack of Appetite, Stress, Insomnia, Inflammation,Relaxed, Happy, Euphoric, Sleepy, Creative, Dry Mouth, Anxious,,Earthy, Sweet, Berry,
17962,Silver Haze,Hybrid,Stress, Depression, Lack of Appetite, Pain, Insomnia,Euphoric, Happy, Energetic, Uplifted, Relaxed, Dry Mouth, Paranoid, Anxious,Earthy, Sweet,,
18075,Mad Scientist,Hybrid,Insomnia, Pain, Stress, Depression, Muscle Spasms,Relaxed, Euphoric, Uplifted, Focused, Sleepy, Dry Mouth, Paranoid,,Earthy, Pine,,
18265,Space Candy,Hybrid,,,,,,,,,,,,,,Citrus,Sweet,Pine,
18335,Lemonberry,Hybrid,,,,,,Euphoric,Energetic,Giggly,Happy,Creative,,,,,,,
18787,Stephen Hawking Kush,Hybrid,Stress, Pain, Nausea, Depression,,Relaxed, Happy, Euphoric, Focused, Uplifted, Dry Mouth, Paranoid,,Earthy, Pine,,
18789,Purple Punch,Hybrid,Stress, Depression, Pain, Inflammation, Muscle Spasms,Relaxed, Happy, Euphoric, Uplifted, Sleepy, Dry Mouth,,,Sweet, Berry, Grape,
18822,Webster,Hybrid,Pain, Stress, Inflammation,,,Relaxed, Sleepy, Talkative, Uplifted, Happy,,,,Citrus, Sweet,,
18903,Purple Champagne,Hybrid,Stress, Pain, Depression,,,Uplifted, Focused, Creative, Euphoric, Happy, Dry Mouth,,,Grape, Earthy,,
19057,Tang,Hybrid,,,,,,,,,,,,,,Citrus,Orange,Sweet,
19170,Strawberry Blue,Hybrid,Stress, Depression, Pain, Lack of Appetite,,Happy, Energetic, Uplifted, Euphoric, Dry Mouth,,,,Strawberry, Sweet, Berry,
19386,Snow Monster,Indica,Pain, Insomnia, Stress, Lack of Appetite,,Relaxed, Happy, Hungry, Uplifted, Euphoric, Dry Mouth,,,Sweet, Earthy, Skunk,
19832,Locktite,Hybrid,,,,,,Relaxed,Happy,Uplifted,Tingly,Euphoric,,,,Sweet,Citrus,Earthy,
19970,Allen Wrench,Hybrid,Stress, Depression, Pain, Lack of Appetite,,Energetic, Happy, Focused, Uplifted, Creative, Dry Mouth, Anxious,,Earthy, Pine, Citrus,
20108,Tangerine Kush,Hybrid,Insomnia, Stress, Pain, Depression, Lack of Appetite,Relaxed, Sleepy, Happy, Euphoric, Uplifted, Dry Mouth, Paranoid, Anxious,Citrus, Orange, Sweet,
20497,Hawaiian Punch,Hybrid,Pain, Stress,,,,Happy, Uplifted, Relaxed, Euphoric, Tingly, Anxious, Dry Mouth, Paranoid,Citrus, Sweet,,
20552,Gobbstopper,Hybrid,Depression, Nausea, Stress, Insomnia,,Happy, Relaxed, Euphoric, Horny, Sleepy, Dry Mouth,,,Sweet, Berry,,
20634,Mendo Purps,Hybrid,,,,,,,,,,,,,,Earthy,Pine,Woody,
20818,Training Day,Hybrid,Insomnia, Pain, Stress, Depression, Muscle Spasms,Relaxed, Euphoric, Sleepy, Happy, Hungry, Dry Mouth, Anxious,,Earthy, Pine,,
21220,Hog's Breath,Hybrid,,,,,,,,,,,,,,Earthy,Lemon,Flowery,
21440,Sour Amnesia,Hybrid,Stress, Depression, Pain, Inflammation,,Happy, Uplifted, Euphoric, Energetic, Relaxed, Dry Mouth, Anxious, Paranoid,Sweet, Earthy,,
21726,Hindu Skunk,Hybrid,Stress, Pain, Insomnia, Depression, Nausea,Relaxed, Happy, Euphoric, Sleepy, Hungry, Dry Mouth, Paranoid,,Skunk, Earthy, Sweet,
21729,Kryptonite,Hybrid,Pain, Stress, Insomnia, Depression,,Relaxed, Happy, Tingly, Uplifted, Euphoric, Dry Mouth, Paranoid, Anxious,Sweet, Earthy, Pine,
21733,Kush Dream,Hybrid,,,,,,,,,,,,,,Flowery,Sweet,Citrus,
21738,Mango,Hybrid,Stress, Pain, Depression, Insomnia, Lack of Appetite,Relaxed, Euphoric, Happy, Sleepy, Hungry, Dry Mouth, Paranoid, Anxious,Mango, Sweet,,
21777,Grapefruit Haze,Hybrid,Stress, Depression, Pain, Muscle Spasms,,Uplifted, Happy, Euphoric, Relaxed, Talkative, Dry Mouth, Paranoid, Anxious,Lemon, Citrus,,
22467,Dog Walker,Hybrid,,,,,,,,,,,,,,Tropical,Orange,Sweet,
22562,Grape Crush,Indica,Stress, Pain, Depression, Muscle Spasms, Insomnia,Relaxed, Euphoric, Happy, Uplifted, Creative, Dry Mouth,,,Grape, Sweet, Berry,
22618,Solace,Hybrid,,,,,,,,,,,,,,Berry,Earthy,Sweet,
22651,Woody Kush,Hybrid,Insomnia, Stress, Depression, Pain, Lack of Appetite,Relaxed, Happy, Euphoric, Sleepy, Hungry, Dry Mouth, Paranoid,,Pine, Earthy,,
23046,Bubblegum Kush,Hybrid,Pain, Stress, Inflammation, Lack of Appetite, Muscle Spasms,Relaxed, Happy, Focused, Euphoric, Uplifted, Dry Mouth, Anxious, Paranoid,Sweet, Earthy, Citrus,
23526,Ice Bomb,Hybrid,,,,,,,,,,,,,,Sweet,Earthy,Pungent,
23751,SFV OG Kush,Indica,Pain, Muscle Spasms, Inflammation, Insomnia, Depression,Relaxed, Happy, Hungry, Sleepy, Uplifted, Dry Mouth, Paranoid,,Earthy, Citrus, Sweet,
23936,Sage N Sour,Sativa,Depression, Stress, Pain,,,Happy, Focused, Relaxed, Uplifted, Euphoric, Dry Mouth, Paranoid, Anxious,Earthy,,,
24168,Heisenberg Kush,Sativa,Depression, Stress, Pain,,,Happy, Euphoric, Energetic, Uplifted, Creative, Dry Mouth,,,Berry, Sweet, Grape,
24307,Swiss Tsunami,Sativa,Pain, Depression, Inflammation, Stress,,Relaxed, Happy, Uplifted, Focused, Sleepy, Dry Mouth,,,Citrus, Orange, Earthy,
24383,Jack Diesel,Hybrid,Depression, Inflammation, Stress, Pain,,Happy, Energetic, Creative, Uplifted, Dry Mouth, Paranoid,,,Sweet, Citrus,,
25091,Cat Piss,Hybrid,Stress, Depression, Pain, Lack of Appetite,,Happy, Energetic, Creative, Uplifted, Euphoric, Dry Mouth, Paranoid, Anxious,Ammonia, Earthy,,
25246,U2 Kush,Hybrid,Depression, Insomnia, Stress, Pain,,Relaxed, Sleepy, Happy, Hungry, Uplifted, Dry Mouth, Anxious,,Sweet,,,
25636,Blue Ox,Hybrid,Depression, Lack of Appetite, Pain,,,Sleepy, Relaxed, Talkative, Uplifted, Euphoric,,,,Berry, Blueberry,,
25768,White Berry,Hybrid,Insomnia, Stress, Depression, Pain,,Horny, Euphoric, Happy, Creative, Focused, Paranoid, Anxious, Dry Mouth,Berry, Sweet, Earthy,
25769,StarDawg,Hybrid,,,,,,Happy,Relaxed,Uplifted,Euphoric,Talkative,,,,,,,
25896,OG-18,Indica,,,,,,Relaxed,Sleepy,Happy,Hungry,Euphoric,,,,,,,
26056,Money Maker,Hybrid,Pain, Insomnia, Muscle Spasms, Depression, Lack of Appetite,Relaxed, Sleepy, Happy, Hungry, Uplifted, Dry Mouth, Paranoid,,Earthy, Berry, Skunk,
26505,Harle-Tsu,Hybrid,,,,,,Relaxed,Happy,Uplifted,Focused,Euphoric,,,,Earthy,Citrus,Sweet,
26528,Willy Wonka,Hybrid,Stress, Depression, Pain,,,Happy, Talkative, Energetic, Euphoric, Uplifted, Dry Mouth, Paranoid,,Sweet, Mint, Pine,
27013,Somango,Indica,Pain, Stress, Insomnia, Lack of Appetite, Depression,Relaxed, Happy, Uplifted, Focused, Sleepy, Dry Mouth, Paranoid,,Mango, Earthy, Sweet,
27139,Danky Doodle,Indica,Stress, Pain, Depression, Insomnia, Nausea,Euphoric, Happy, Uplifted, Horny, Energetic, Dry Mouth, Paranoid,,Sweet, Skunk,,
27563,Dr. Grinspoon,Sativa,Depression, Stress, Pain,,,Energetic, Euphoric, Uplifted, Happy, Creative, Dry Mouth, Paranoid,,Citrus, Earthy,,
27657,Purple Dream,Hybrid,,,,,,,,,,,,,,Earthy,Blueberry,Pungent,
27756,Mango Haze,Hybrid,Stress, Depression, Pain, Lack of Appetite,,Happy, Uplifted, Relaxed, Euphoric, Energetic, Dry Mouth, Anxious,,Mango, Sweet,,
28464,Kona Gold,Hybrid,Depression, Stress, Nausea, Pain,,Happy, Energetic, Uplifted, Creative, Euphoric, Dry Mouth, Anxious, Paranoid,Sweet, Honey,,
28926,Sour Dream,Hybrid,,,,,,,,,,,,,,Sweet,Flowery,Pepper,
29270,Silver Kush,Hybrid,Stress, Depression, Pain, Lack of Appetite, Muscle Spasms,Relaxed, Happy, Uplifted, Creative, Talkative, Dry Mouth, Paranoid,,Earthy, Citrus,,
29544,Strawberry Banana,Hybrid,,,,,,,,,,,,,,Woody,Earthy,Grapefruit,
29685,Hurricane,Sativa,Stress, Pain, Nausea, Depression,,Euphoric, Happy, Relaxed, Energetic, Uplifted, Dry Mouth, Anxious,,Sweet, Grape,,
29911,Ghost OG,Hybrid,,,,,,,,,,,,,,Sweet,Citrus,Orange,
30026,Sour Alien,Hybrid,,,,,,,,,,,,,,Earthy,Citrus,Flowery,
30211,Walrus Kush,Hybrid,,,,,,,,,,,,,,Earthy,Flowery,Lime,
30260,Honey Boo Boo,Indica,Pain, Stress, Depression, Lack of Appetite,,Relaxed, Sleepy, Euphoric, Tingly, Uplifted, Dry Mouth, Anxious,,Honey, Citrus, Lemon,
30261,J1,Hybrid,,,,,,Euphoric,Happy,Creative,Uplifted,Energetic,,,,,,,
30434,Strawberry Frost,Indica,Depression, Stress, Lack of Appetite,,,Happy, Horny, Relaxed, Hungry, Dry Mouth,,,,Sweet, Strawberry, Earthy,
32660,California Hash Plant,Indica,Stress,,,,,Sleepy, Hungry, Relaxed,,,,,,Citrus,,,
32694,MediHaze,Sativa,Pain, Stress, Depression, Inflammation, Nausea,Happy, Focused, Uplifted, Relaxed, Energetic, Anxious, Dry Mouth, Paranoid,Pine, Earthy, Citrus,
32756,Yoda OG,Hybrid,Stress, Pain, Insomnia, Depression,,Relaxed, Sleepy, Euphoric, Hungry, Happy, Anxious, Dry Mouth,,Earthy,,,
33071,Atomic,Hybrid,,,,,,Happy,Relaxed,Talkative,Creative,Euphoric,,,,,,,
34012,Dutch Haze,Hybrid,,,,,,Energetic, Creative, Happy, Horny, Uplifted,,,,Citrus, Earthy,,
34039,Crystal,Hybrid,,,,,,,,,,,,,,Earthy,Woody,Pungent,
34240,Mindbender,Hybrid,,,,,,,,,,,,,,Earthy,Sweet,Sage,
34382,Euphoria,Hybrid,,,,,,Euphoric,Happy,Energetic,Creative,Relaxed,,,,,,,
34420,Phantom OG,Indica,Depression, Pain, Insomnia, Lack of Appetite,,Euphoric, Relaxed, Hungry, Happy, Focused, Dry Mouth, Paranoid, Anxious,Earthy, Lemon,,
34579,Lemon Thai,Hybrid,Stress, Pain, Depression, Lack of Appetite,,Happy, Talkative, Relaxed, Sleepy, Uplifted, Dry Mouth, Anxious, Paranoid,Lemon, Sweet,,
34612,91 Krypt,Indica,Stress, Depression, Lack of Appetite, Nausea,,Relaxed, Tingly, Happy, Hungry, Talkative, Dry Mouth,,,Earthy, Sweet,,
34788,Full Moon,Hybrid,Depression, Stress, Lack of Appetite,,,Happy, Energetic, Uplifted, Horny, Creative,,,,Ammonia,,,
34850,Caramelo,Hybrid,Stress, Pain, Depression, Lack of Appetite,,Happy, Euphoric, Energetic, Focused, Uplifted, Dry Mouth,,,Sweet, Lavender,,
35041,Northern Light,Hybrid,,,,,,,,,,,,,,Lemon,Citrus,Pungent,
35413,Afghani Bullrider,Hybrid,Stress, Depression, Insomnia, Pain,,Uplifted, Relaxed, Happy, Euphoric, Dry Mouth, Paranoid,,,Sweet, Pine, Earthy,
35424,Memory Loss,Hybrid,Stress, Depression, Pain, Nausea,,Uplifted, Happy, Talkative, Focused, Creative, Dry Mouth, Anxious,,Earthy, Sweet,,
35885,Sour Cookies,Hybrid,,,,,,,,,,,,,,Sweet,Berry,Blueberry,
36105,Trash,Hybrid,,,,,,Relaxed,Happy,Uplifted,Euphoric,Focused,,,,,,,
36132,Punky Lion,Hybrid,Stress, Depression, Muscle Spasms, Pain,,Relaxed, Sleepy, Hungry, Euphoric, Tingly, Paranoid, Dry Mouth,,Earthy, Sweet,,
36199,Dinachem,Hybrid,,,,,,Talkative,Relaxed,Happy,Energetic,Giggly,,,,,,,
36429,Sweet Black Angel,Hybrid,Depression, Stress, Pain, Insomnia,,Relaxed, Sleepy, Happy, Euphoric, Uplifted, Dry Mouth,,,Sweet, Berry, Pine,
36432,Fruity Chronic Juice,Hybrid,Lack of Appetite, Pain, Stress, Depression,,Relaxed, Euphoric, Happy, Talkative, Creative, Dry Mouth, Anxious,,Citrus, Sweet,,
36459,Chocolate Fondue,Hybrid,Depression, Stress, Nausea, Lack of Appetite,,Relaxed, Uplifted, Happy, Talkative, Euphoric, Dry Mouth, Anxious,,Sweet, Earthy,,
36493,Buddha Tahoe,Hybrid,Insomnia, Pain, Stress, Depression,,Relaxed, Happy, Euphoric, Sleepy, Uplifted, Dry Mouth, Anxious,,Earthy,,,
36598,Destroyer,Hybrid,Depression, Stress, Insomnia,,,Energetic, Uplifted, Euphoric, Happy,,,,,Lavender, Ammonia, Sweet,
36700,Citrix,Hybrid,,,,,,Happy,Euphoric,Uplifted,Relaxed,Energetic,,,,,,,
37410,Nebula,Hybrid,,,,,,Uplifted,Happy,Euphoric,Energetic,Creative,,,,,,,
37608,Sunset Sherbet,Sativa,,,,,,,,,,,,,,Sweet,Flowery,Citrus,
37761,Church OG,Hybrid,Stress, Depression, Pain, Insomnia,,Relaxed, Happy, Uplifted, Creative, Horny, Dry Mouth, Paranoid,,Earthy, Citrus,,
37798,Hawaiian Snow,Hybrid,Depression, Pain, Stress,,,Happy, Relaxed, Uplifted, Euphoric, Creative, Dry Mouth, Anxious, Paranoid,,,,
38005,Star Killer,Hybrid,Pain, Stress, Insomnia, Depression, Nausea,Relaxed, Euphoric, Sleepy, Happy, Hungry, Dry Mouth, Paranoid, Anxious,Lemon, Earthy,,
38103,Enemy of the State,Indica,Stress, Depression, Insomnia, Lack of Appetite,,Relaxed, Focused, Sleepy, Horny, Euphoric, Anxious, Dry Mouth, Paranoid,Sweet, Berry,,
38144,Dawgfather,Hybrid,,,,,,,,,,,,,,Earthy,Woody,Spicy/Herbal,
38927,Dutch Queen,Hybrid,,,,,,,,,,,,,,Earthy,Citrus,Flowery,
39015,Future,Hybrid,,,,,,Relaxed,Euphoric,Uplifted,Sleepy,Happy,,,,0,,,
40325,Cornbread,Hybrid,Stress, Lack of Appetite, Pain, Insomnia,,Relaxed, Hungry, Happy, Sleepy, Euphoric, Dry Mouth, Paranoid,,Earthy, Citrus,,
40351,Durban Cookies,Hybrid,Pain, Stress, Depression, Inflammation,,Happy, Relaxed, Uplifted, Talkative, Energetic, Dry Mouth, Paranoid, Anxious,Sweet, Earthy,,
40446,Swiss Tsu 2,Hybrid,,,,,,,,,,,,,,Lemon,Sweet,Blueberry,
40703,Magnum,Hybrid,,,,,,Energetic,Happy,Creative,Uplifted,Euphoric,,,,,,,
40760,White Nightmare,Hybrid,Stress, Pain, Depression, Lack of Appetite, Inflammation,Uplifted, Euphoric, Happy, Creative, Energetic, Dry Mouth, Anxious, Paranoid,Earthy, Sweet, Citrus,
40827,Willie Nelson,Hybrid,Stress, Depression, Pain, Nausea,,Happy, Euphoric, Creative, Energetic, Uplifted, Dry Mouth, Paranoid, Anxious,Earthy, Sweet,,
40877,Mataro Blue,Hybrid,Pain, Stress, Depression, Insomnia, Muscle Spasms,Relaxed, Euphoric, Hungry, Happy, Tingly, Dry Mouth,,,Berry, Earthy, Sweet,
40917,Hades Haze,Indica,Insomnia, Depression, Lack of Appetite, Pain,,Relaxed, Sleepy, Talkative, Euphoric,,,,,Citrus, Earthy,,
41093,Purple Star,Hybrid,Pain, Insomnia, Depression, Muscle Spasms,,Tingly, Sleepy, Hungry, Relaxed, Uplifted, Dry Mouth, Anxious,,Berry, Citrus, Pine,
42509,PowerNap,Hybrid,,,,,,,,,,,,,,Diesel,Citrus,Woody,
42515,Tangie,Hybrid,Stress, Depression, Pain, Lack of Appetite,,Happy, Uplifted, Energetic, Euphoric, Relaxed, Dry Mouth, Anxious, Paranoid,Citrus, Orange, Sweet,
42522,Cherries Jubilee,Indica,Stress, Depression, Pain, Nausea,,Euphoric, Relaxed, Uplifted, Happy, Horny, Dry Mouth,,,Berry, Sweet,,
43710,Monolith,Indica,Insomnia, Lack of Appetite, Pain, Stress, Depression,Relaxed, Sleepy, Tingly, Euphoric, Focused,,,,Earthy, Pine,,
43955,Black Domina,Hybrid,Stress, Depression, Pain, Insomnia, Lack of Appetite,Relaxed, Sleepy, Euphoric, Happy, Uplifted, Dry Mouth, Paranoid,,Pine, Pepper,,
44186,Starfighter,Hybrid,,,,,,Euphoric,Relaxed,Happy,Uplifted,Creative,,,,,,,
45542,Blue Diamond,Hybrid,Stress, Depression, Pain,,,Euphoric, Relaxed, Happy, Uplifted, Sleepy, Paranoid, Dry Mouth, Anxious,Sweet, Earthy,,
45871,Lime Skunk,Hybrid,Depression, Stress, Pain, Muscle Spasms,,Uplifted, Creative, Relaxed, Happy, Euphoric, Dry Mouth, Anxious,,Lime, Citrus, Lemon,
46201,Night Nurse,Hybrid,Pain, Insomnia, Stress, Muscle Spasms,,Relaxed, Sleepy, Happy, Tingly, Hungry, Dry Mouth,,,Sweet, Earthy,,
46225,Ortega,Hybrid,Depression, Pain,,,,Relaxed, Uplifted, Euphoric, Sleepy, Dry Mouth,,,,Pepper, Earthy,,
46391,Blockhead,Hybrid,,,,,,Relaxed,Happy,Hungry,Uplifted,Euphoric,,,,,,,
46491,Amethyst,Hybrid,,,,,,Energetic,Creative,Giggly,Hungry,Happy,,,,,,,
47637,Quin-N-Tonic,Indica,Stress, Pain, Depression, Nausea, Lack of Appetite,Relaxed, Happy, Focused, Hungry, Sleepy, Dry Mouth,,,Sweet, Blueberry,,
47756,Bubba OG,Hybrid,Stress, Pain, Depression, Insomnia, Nausea,Relaxed, Happy, Sleepy, Uplifted, Euphoric, Dry Mouth, Paranoid,,Earthy, Sweet,,
47814,Firehouse,Hybrid,,,,,,,,,,,,,,Diesel,Pungent,Earthy,
47895,Primus,Hybrid,Stress, Lack of Appetite, Pain, Insomnia, Depression,Relaxed, Happy, Euphoric, Uplifted, Creative, Dry Mouth, Anxious, Paranoid,Sweet, Earthy, Citrus,
48108,Cascadia Kush,Indica,Depression, Pain, Stress, Insomnia,,Relaxed, Euphoric, Tingly, Sleepy, Happy, Dry Mouth,,,Earthy, Sweet,,
48647,Sour Urkle,Hybrid,,,,,,,,,,,,,,Earthy,Pine,Diesel,
48722,Cactus,Indica,Pain, Stress, Nausea,,,Relaxed, Happy, Euphoric, Uplifted, Talkative, Dry Mouth, Paranoid,,Citrus, Earthy,,
49064,Nigerian Nightmare,Hybrid,,,,,,,,,,,,,,Earthy,Woody,Spicy/Herbal,
49068,Skunkberry,Hybrid,,,,,,Relaxed,Happy,Euphoric,Uplifted,Creative,,,,,,,
49156,Dark Side of the Moon,Hybrid,Stress, Insomnia, Depression, Pain,,Relaxed, Sleepy, Euphoric, Happy, Uplifted, Dry Mouth, Paranoid, Anxious,Earthy, Berry, Sweet,
49400,Haze,Hybrid,Stress, Depression, Pain,,,Euphoric, Uplifted, Happy, Energetic, Creative, Dry Mouth, Paranoid, Anxious,Earthy, Sweet,,
49418,White Buffalo,Sativa,Stress, Depression, Pain,,,Happy, Uplifted, Euphoric, Relaxed, Energetic, Dry Mouth, Anxious,,Sweet, Berry,,
50287,Bandana,Hybrid,,,,,,Euphoric,Happy,Relaxed,Talkative,Creative,,,,,,,
50861,Strawberry Lemonade,Sativa,Stress, Depression, Pain,,,Happy, Euphoric, Energetic, Creative, Uplifted, Dry Mouth, Anxious, Paranoid,Lemon, Strawberry, Sweet,
51221,Kraken,Indica,Stress, Insomnia, Muscle Spasms,,,Relaxed, Sleepy, Happy, Talkative, Euphoric, Paranoid, Dry Mouth,,Earthy,,,
51249,Black Bubba,Indica,Stress, Insomnia, Pain, Seizures, Depression,Happy, Relaxed, Sleepy, Tingly, Euphoric, Dry Mouth, Paranoid,,Earthy, Pine,,
51392,Cuvee,Indica,Stress, Pain, Depression, Insomnia,,Euphoric, Relaxed, Uplifted, Happy, Anxious, Dry Mouth,,,Sweet, Citrus,,
51398,Sonic Screwdriver,Hybrid,Stress, Pain, Depression,,,Happy, Euphoric, Uplifted, Creative, Dry Mouth,,,,Earthy, Citrus,,
51463,Alien Rift,Hybrid,Stress, Insomnia, Depression, Pain,,Relaxed, Happy, Euphoric, Hungry, Uplifted, Dry Mouth, Paranoid, Anxious,Earthy, Citrus,,
52517,Green Lantern,Hybrid,Stress, Depression, Pain,,,Uplifted, Euphoric, Happy, Hungry, Talkative, Dry Mouth, Anxious, Paranoid,Citrus, Earthy, Pine,
52901,Super Green Crack,Hybrid,Depression, Stress, Lack of Appetite, Pain,,Energetic, Uplifted, Happy, Focused, Euphoric, Dry Mouth, Anxious,,Earthy, Citrus,,
53969,Black Diamond,Hybrid,Stress, Pain, Insomnia, Depression, Inflammation,Relaxed, Happy, Euphoric, Hungry, Uplifted, Dry Mouth, Anxious, Paranoid,Earthy, Berry, Sweet,
54021,Kushage,Hybrid,,,,,,Relaxed,Happy,Euphoric,Hungry,Tingly,,,,,,,
54211,Power Kush,Hybrid,Stress, Pain, Depression, Muscle Spasms,,Relaxed, Sleepy, Euphoric, Happy, Uplifted, Paranoid, Dry Mouth, Anxious,Sweet, Skunk, Lime,
54396,DJ Andy Williams,Sativa,,,,,,Creative, Energetic,,,,,,,,,,
55204,Murkle,Indica,,,,,,Giggly,,,,,,,,,,,
55650,Grape OX,Hybrid,Stress, Depression, Insomnia, Pain,,Hungry, Sleepy, Relaxed, Tingly, Uplifted, Dry Mouth, Paranoid,,Grape, Sweet,,
55683,Herojuana,Hybrid,,,,,,Relaxed,Sleepy,Happy,Hungry,Euphoric,,,,,,,
55784,White Strawberry Skunk,Hybrid,,,,,,,,,,,,,,Citrus,Pine,Sweet,
56060,Triangle Kush,Indica,Depression, Pain, Stress, Insomnia,,Relaxed, Euphoric, Uplifted, Happy, Sleepy, Dry Mouth, Paranoid,,Earthy, Skunk,,
56398,Stella Blue,Sativa,Depression, Stress, Nausea, Pain,,Energetic, Uplifted, Happy, Focused, Relaxed, Dry Mouth, Paranoid,,Sweet, Berry,,
56738,Alaskan Ice,Hybrid,Depression, Stress, Pain,,,Euphoric, Happy, Relaxed, Uplifted, Hungry, Dry Mouth, Paranoid,,Sweet, Earthy,,
56870,Hawaiian Haze,Hybrid,Stress, Pain, Depression, Nausea, Insomnia,Uplifted, Happy, Talkative, Hungry, Dry Mouth, Paranoid, Anxious,,Skunk,,,
57367,The OX,Hybrid,Pain, Stress, Inflammation, Depression, Muscle Spasms,Relaxed, Happy, Uplifted, Tingly, Dry Mouth, Paranoid,,,Sweet, Citrus, Coffee,
57678,Tora Bora,Hybrid,Pain, Stress, Insomnia, Inflammation, Muscle Spasms,Relaxed, Tingly, Sleepy, Happy, Euphoric, Dry Mouth, Paranoid,,Earthy, Pine,,
58327,Super Cheese,Hybrid,Insomnia, Pain, Stress, Depression,,Euphoric, Relaxed, Happy, Sleepy, Energetic, Dry Mouth,,,Earthy,,,
58334,Satori,Hybrid,,,,,,Creative,Euphoric,Uplifted,Happy,Energetic,,,,,,,
58338,Kaboom,Hybrid,Depression, Stress, Pain, Nausea,,Happy, Uplifted, Energetic, Creative, Euphoric, Dry Mouth, Paranoid, Anxious,Earthy, Pine,,
59056,Watermelon,Indica,Stress, Insomnia, Pain, Depression, Lack of Appetite,Relaxed, Happy, Euphoric, Sleepy, Hungry, Dry Mouth, Anxious,,Sweet, Berry, Grape,
59191,Blackberry Diesel,Hybrid,Stress, Depression, Lack of Appetite,,,Happy, Energetic, Relaxed, Euphoric, Talkative, Dry Mouth, Anxious,,,,,
59311,Devil Fruit,Hybrid,Stress, Depression, Insomnia, Pain,,Relaxed, Happy, Euphoric, Focused, Hungry, Dry Mouth, Anxious, Paranoid,Pepper, Sweet,,
59474,Kushberry,Indica,Stress, Insomnia, Pain, Depression,,Relaxed, Happy, Euphoric, Sleepy, Uplifted, Dry Mouth, Anxious,,Berry, Sweet, Earthy,
59724,Super Slutty Hayes,Hybrid,,,,,,,,,,,,,,Earthy,,,
59916,Casper OG,Hybrid,Insomnia, Stress, Depression,,,Relaxed, Uplifted, Happy, Sleepy,,,,,Earthy, Pine, Sweet,
61283,Temple Haze,Hybrid,,,,,,,,,,,,,,Earthy,Skunk,Sweet,
61294,Outlaw,Hybrid,Depression, Pain, Stress,,,Euphoric, Energetic, Uplifted, Creative, Horny,,,,Earthy,,,
61926,Green Kush,Hybrid,Stress, Pain, Depression, Nausea, Insomnia,Euphoric, Hungry, Energetic, Sleepy, Relaxed, Dry Mouth, Paranoid,,Citrus, Sweet, Earthy,
62066,Hurkle,Hybrid,,,,,,Relaxed,Happy,Hungry,Focused,Sleepy,,,,,,,
62919,Sour Haze,Hybrid,Stress, Depression, Pain,,,Uplifted, Euphoric, Focused, Happy, Energetic, Dry Mouth, Paranoid, Anxious,Citrus, Skunk, Sweet,
63119,Mendo Breath,Hybrid,Stress, Pain, Insomnia, Depression,,Relaxed, Happy, Euphoric, Sleepy, Uplifted, Dry Mouth, Paranoid, Anxious,Earthy, Pine,,
63315,Rockstar,Hybrid,Stress, Depression, Pain, Insomnia, Inflammation,Relaxed, Sleepy, Happy, Euphoric, Uplifted, Dry Mouth, Anxious, Paranoid,Earthy,,,
63701,CBD Mango Haze,Hybrid,Stress, Pain, Inflammation, Depression,,Focused, Uplifted, Energetic, Relaxed, Happy, Paranoid, Dry Mouth,,Pepper, Mango,,
63709,Grimace OG,Hybrid,Depression, Insomnia, Lack of Appetite,,,Sleepy, Euphoric, Relaxed, Horny, Happy, Dry Mouth,,,,,,
64241,Harlesin,Hybrid,,,,,,,,,,,,,,Pungent,Skunk,Diesel,
64257,Treasure Island,Hybrid,,,,,,,,,,,,,,Tropical,Pungent,Earthy,
64899,Dutch Dragon,Hybrid,Depression, Inflammation, Stress, Pain,,Euphoric, Creative, Relaxed, Focused, Happy, Anxious, Paranoid,,Citrus, Sweet,,
65036,Purple Power,Hybrid,Lack of Appetite, Stress, Depression,,,Happy, Relaxed, Uplifted, Talkative, Energetic, Dry Mouth,,,Earthy, Sweet,,
66062,Purple Widow,Hybrid,,,,,,,,,,,,,,Citrus,Lemon,Grapefruit,
66103,Sugar Mama,Indica,Stress, Depression, Pain, Insomnia,,Euphoric, Relaxed, Happy, Uplifted, Horny, Dry Mouth,,,Sweet, Citrus,,
66585,Stone Free,Hybrid,,,,,,,,,,,,,,Earthy,Honey,Pungent,
67065,Cambodian,Sativa,,,,,,Energetic, Talkative, Happy, Relaxed, Uplifted,,,,Earthy,,,
68297,Purple Goo,Hybrid,Stress, Pain, Depression,,,Relaxed, Euphoric, Happy, Talkative, Hungry, Dry Mouth, Paranoid,,Lavender, Pine,,
68452,Vanilluna,Hybrid,,,,,,Sleepy,Happy,Relaxed,,,,,,,,,
68538,Sunshine Daydream,Hybrid,Inflammation, Pain, Depression, Nausea, Insomnia,Relaxed, Euphoric, Happy, Hungry, Uplifted, Dry Mouth, Anxious,,Sweet, Citrus, Blueberry,
68629,The One,Hybrid,,,,,,,,,,,,,,Diesel,Earthy,Citrus,
68705,Raspberry Cough,Hybrid,Stress, Depression, Pain, Nausea,,Happy, Uplifted, Focused, Euphoric, Relaxed, Dry Mouth, Anxious,,Berry, Sweet, Earthy,
68729,Sugar Kush,Hybrid,Insomnia, Stress, Lack of Appetite, Pain,,Relaxed, Sleepy, Hungry, Happy, Tingly, Dry Mouth,,,Sweet, Earthy,,
69016,Blue Blood,Hybrid,Stress, Inflammation, Muscle Spasms, Pain, Depression,Relaxed, Euphoric, Sleepy, Creative, Happy, Dry Mouth,,,Blueberry, Earthy, Sweet,
69290,5th Element,Hybrid,Pain, Stress, Depression, Lack of Appetite,,Relaxed, Happy, Euphoric, Creative, Tingly,,,,Earthy, Sweet,,
69708,StarBud,Hybrid,Insomnia, Stress, Pain, Lack of Appetite, Muscle Spasms,Relaxed, Euphoric, Happy, Sleepy, Hungry, Dry Mouth, Anxious,,Earthy,,,
69780,Incredible Hulk,Sativa,Pain, Lack of Appetite, Insomnia, Stress, Depression,Happy, Uplifted, Focused, Euphoric, Creative, Dry Mouth, Paranoid,,Sweet, Earthy, Citrus,
69972,Malawi,Sativa,Stress, Depression, Nausea,,,Energetic, Focused, Uplifted, Relaxed, Happy, Dry Mouth, Paranoid, Anxious,Earthy,,,
70329,Blueberry Blast,Hybrid,Depression, Stress, Pain, Lack of Appetite,,Happy, Relaxed, Euphoric, Uplifted, Energetic, Dry Mouth, Paranoid,,Blueberry, Berry, Sweet,
70981,White Durban,Sativa,Stress, Depression, Pain,,,Energetic, Focused, Creative, Uplifted, Euphoric, Paranoid, Dry Mouth, Anxious,Earthy,,,
71040,White Dragon,Hybrid,Pain, Stress, Insomnia, Depression,,Relaxed, Happy, Talkative, Hungry, Euphoric, Dry Mouth, Paranoid, Anxious,Earthy, Sweet,,
71778,P-91,Hybrid,,,,,,Euphoric,Happy,Relaxed,Creative,Energetic,,,,,,,
71934,Sin City Kush,Hybrid,Insomnia, Stress, Depression, Muscle Spasms,,Euphoric, Relaxed, Uplifted, Happy, Dry Mouth, Paranoid,,,Grape, Pine,,
72002,Blackwater,Indica,Pain, Stress, Depression, Insomnia, Lack of Appetite,Relaxed, Sleepy, Happy, Euphoric, Hungry, Dry Mouth, Paranoid,,Berry, Earthy,,
72100,Apollo 13,Hybrid,,,,,,,,,,,,,,Earthy,Citrus,Lemon,
72243,Brazil Amazonia,Hybrid,Depression, Stress,,,,Relaxed, Uplifted, Euphoric, Focused, Happy,,,,Berry, Earthy,,
72248,Sour Bubba,Hybrid,Stress, Insomnia, Pain, Depression,,Happy, Euphoric, Uplifted, Energetic, Talkative, Dry Mouth,,,Pine,,,
72959,Pineapple OG,Hybrid,Pain, Depression, Stress, Inflammation,,Happy, Euphoric, Relaxed, Focused, Uplifted, Dry Mouth, Anxious,,Pineapple, Lemon, Earthy,
73155,Green Poison,Hybrid,Stress, Lack of Appetite, Muscle Spasms, Insomnia, Pain,Relaxed, Happy, Hungry, Euphoric, Sleepy, Dry Mouth, Paranoid,,Sweet, Citrus,,
73924,Big Wreck,Hybrid,Stress, Insomnia, Depression, Lack of Appetite, Muscle Spasms,Euphoric, Relaxed, Uplifted, Tingly, Happy, Dry Mouth, Paranoid,,Earthy,,,
74380,Pineapple Fields,Hybrid,Inflammation, Stress, Pain,,,Happy, Relaxed, Uplifted, Creative, Euphoric, Dry Mouth, Paranoid, Anxious,Sweet, Pineapple, Citrus,
74607,Lee Roy,Hybrid,Pain, Depression, Stress, Insomnia,,Relaxed, Sleepy, Happy, Euphoric, Creative, Dry Mouth, Paranoid,,Lime, Earthy,,
75728,Space Dawg,Indica,Pain, Nausea, Stress, Muscle Spasms,,Relaxed, Euphoric, Uplifted, Talkative, Dry Mouth, Anxious,,,Sweet, Earthy, Berry,
75875,Berry Wreck,Hybrid,,,,,,,,,,,,,,None,,,
76231,G Force,Hybrid,,,,,,,,,,,,,,Pine,Pungent,Woody,
76513,Critical Kali Mist,Sativa,Depression, Stress, Muscle Spasms,,,Creative, Focused, Uplifted, Happy, Euphoric, Paranoid, Dry Mouth,,Pine, Sweet, Earthy,
76620,Pineapple Punch,Hybrid,Depression, Stress, Lack of Appetite, Insomnia,,Energetic, Uplifted, Creative, Horny, Happy, Dry Mouth,,,Pineapple,,,
77882,Blue Steel,Hybrid,Pain, Stress,,,,Uplifted, Creative, Euphoric, Relaxed,,,,,Blueberry,,,
77935,A-Train,Hybrid,,,,,,Creative,Euphoric,Relaxed,Happy,Hungry,,,,,,,
80723,Fat Purple,Hybrid,Pain, Stress, Insomnia,,,Happy, Horny, Euphoric, Relaxed,,,,,Berry, Grape, Sweet,
80912,Fighting Buddha,Hybrid,,,,,,,,,,,,,,Pungent,Woody,Flowery,
82164,Super Bud,Hybrid,Insomnia, Lack of Appetite, Pain, Stress,,Relaxed, Sleepy, Happy, Creative, Dry Mouth, Anxious,,,Citrus, Mint,,
83581,Gelato,Hybrid,,,,,,Relaxed,Happy,Euphoric,Uplifted,Creative,,,,,,,
86090,Pineapple Purps,Sativa,Inflammation, Depression,,,,Relaxed, Creative, Uplifted, Happy, Talkative, Dry Mouth, Anxious,,Pineapple, Sweet, Earthy,
86806,Grizzly Purple Kush,Hybrid,,,,,,,,,,,,,,Skunk,Berry,Blueberry,
87070,Strawberry Cheesecake,Hybrid,Depression, Pain, Lack of Appetite, Stress,,Relaxed, Uplifted, Happy, Euphoric, Hungry, Dry Mouth, Paranoid, Anxious,Strawberry, Sweet,,
87118,Super Jack,Hybrid,Depression, Stress, Lack of Appetite, Pain,,Energetic, Happy, Uplifted, Focused, Creative, Dry Mouth, Anxious, Paranoid,Sweet, Earthy,,
87670,Whitaker Blues,Hybrid,Stress, Insomnia, Depression, Pain,,Relaxed, Sleepy, Happy, Uplifted, Euphoric, Dry Mouth,,,Sweet, Apple,,
87824,Big Skunk,Hybrid,,,,,,,,,,,,,,Earthy,Pungent,Woody,
88764,Tangilope,Hybrid,Depression, Stress, Pain, Lack of Appetite,,Happy, Uplifted, Creative, Euphoric, Talkative, Dry Mouth, Paranoid,,Citrus, Sweet,,
89165,Cookies Kush,Indica,Stress, Lack of Appetite, Insomnia, Depression, Pain,Relaxed, Happy, Hungry, Euphoric, Sleepy, Dry Mouth, Paranoid, Anxious,Sweet, Earthy,,
89444,Purple Berry,Hybrid,Pain, Nausea, Stress, Insomnia,,Relaxed, Euphoric, Sleepy, Tingly, Uplifted, Dry Mouth, Paranoid, Anxious,Berry, Blueberry, Sweet,
90186,Hawaiian Diesel,Hybrid,Stress, Lack of Appetite, Pain, Depression,,Happy, Relaxed, Uplifted, Creative, Horny, Dry Mouth, Anxious,,Citrus,,,
91262,Magnum PI,Sativa,Depression, Stress,,,,Uplifted, Focused, Energetic, Euphoric, Creative,,,,Citrus, Pine,,
92044,Superstar,Hybrid,,,,,,Relaxed,Focused,Euphoric,Uplifted,Happy,,,,,,,
92049,Blue Fire,Hybrid,,,,,,,,,,,,,,Earthy,Sage,Spicy/Herbal,
92788,Purple People Eater,Hybrid,Depression, Stress,,,,Uplifted, Creative, Euphoric, Focused, Relaxed,,,,Grape,,,
93188,Kandahar,Hybrid,Insomnia, Depression, Pain, Stress,,Relaxed, Sleepy, Uplifted, Euphoric,,,,,Earthy,,,
93696,Pineapple Jack,Hybrid,Stress, Depression, Lack of Appetite,,,Relaxed, Energetic, Uplifted, Happy, Focused, Dry Mouth, Paranoid,,Pineapple, Citrus, Sweet,
94251,Commerce City Kush,Hybrid,Insomnia, Pain, Stress, Depression,,Euphoric, Happy, Relaxed, Sleepy, Talkative, Dry Mouth,,,Sweet,,,
94579,Wonder,Hybrid,,,,,,,,,,,,,,None,,,
95375,Dreamweaver,Hybrid,,,,,,,,,,,,,,Earthy,Spicy/Herbal,Woody,
95613,King Louis XIII,Hybrid,Stress, Insomnia, Pain, Depression, Muscle Spasms,Relaxed, Sleepy, Happy, Euphoric, Hungry, Dry Mouth, Paranoid, Anxious,Earthy, Pine,,
96132,Mother Tongue,Sativa,Lack of Appetite, Stress, Pain, Inflammation,,Euphoric, Happy, Relaxed, Hungry, Sleepy, Paranoid, Anxious, Dry Mouth,Earthy,,,
96660,Strawberry Fields,Hybrid,Stress, Pain, Muscle Spasms, Depression, Insomnia,Relaxed, Euphoric, Happy, Uplifted, Hungry, Dry Mouth, Paranoid,,Strawberry, Berry, Sweet,
96701,LA Ultra,Indica,Insomnia, Stress, Pain,,,Relaxed, Euphoric, Happy, Sleepy, Tingly, Dry Mouth, Paranoid,,Lemon,,,
96811,Pakistan Valley Kush,Indica,Insomnia, Stress, Depression, Pain, Lack of Appetite,Relaxed, Happy, Sleepy, Euphoric, Uplifted, Dry Mouth,,,Pine, Sweet, Earthy,
97199,Incredible Bulk,Indica,Stress, Muscle Spasms, Insomnia, Pain, Lack of Appetite,Relaxed, Happy, Tingly, Sleepy, Dry Mouth, Paranoid, Anxious,,Earthy, Citrus,,
97294,Blackberry Cream,Hybrid,Depression, Stress, Insomnia, Muscle Spasms, Pain,Relaxed, Happy, Euphoric, Uplifted, Sleepy, Dry Mouth,,,Berry, Sweet,,
98036,Sour Pebbles,Hybrid,Stress, Depression, Pain, Nausea,,Happy, Euphoric, Hungry, Creative, Dry Mouth,,,,Sweet, Berry,,
98985,Aloha,Hybrid,Depression, Stress, Pain,,,Energetic, Uplifted, Happy, Creative, Focused, Dry Mouth, Anxious,,Sweet, Citrus,,
99233,Sour Jack,Hybrid,Depression, Stress, Pain,,,Energetic, Happy, Creative, Uplifted, Euphoric, Dry Mouth, Anxious, Paranoid,Citrus,,,
99532,CBD Shark,Indica,Pain, Stress, Inflammation, Depression,,Relaxed, Happy, Sleepy, Focused, Euphoric, Dry Mouth, Paranoid, Anxious,Earthy, Pine,,
99682,Blue Dot,Sativa,Stress, Pain, Depression, Nausea,,Uplifted, Energetic, Relaxed, Happy, Focused, Dry Mouth, Paranoid, Anxious,Earthy, Berry,,
99696,Lemon G,Hybrid,Pain, Stress, Depression, Inflammation, Nausea,Focused, Happy, Relaxed, Uplifted, Creative, Dry Mouth, Paranoid,,Lemon, Citrus, Sweet,
101457,Very Berry Haze,Hybrid,Pain, Inflammation, Muscle Spasms,,,Happy, Focused, Uplifted, Euphoric, Hungry, Dry Mouth, Anxious, Paranoid,Berry, Sweet,,
102248,Twizzler,Hybrid,,,,,,,,,,,,,,Mango,Earthy,Pine,
102271,Extreme OG,Hybrid,Pain, Stress, Muscle Spasms, Lack of Appetite, Nausea,Relaxed, Sleepy, Hungry, Happy, Horny, Dry Mouth,,,Lime, Earthy, Citrus,
102276,Colombian Gold,Hybrid,Depression, Stress, Pain, Lack of Appetite, Inflammation,Euphoric, Happy, Uplifted, Energetic, Relaxed, Dry Mouth, Paranoid,,Earthy, Sweet,,
103783,Tangie Ghost Train,Sativa,Depression, Lack of Appetite, Stress,,,Uplifted, Energetic, Euphoric, Focused, Happy,,,,Sweet, Citrus,,
104469,Himalayan Blackberry,Indica,Insomnia, Stress, Depression, Lack of Appetite,,Sleepy, Happy, Tingly, Euphoric, Relaxed, Dry Mouth,,,Berry, Blueberry,,
104662,Narnia,Sativa,Stress, Depression, Pain, Lack of Appetite,,Creative, Energetic, Focused, Uplifted, Happy, Dry Mouth, Paranoid, Anxious,Sweet, Earthy, Citrus,
104663,Appalachian Power,Sativa,,,,,,Euphoric, Creative, Focused, Talkative, Uplifted,,,,Grape, Sweet,,
105062,Pacific Blue,Indica,Stress, Insomnia, Pain, Depression,,Happy, Tingly, Relaxed, Sleepy, Euphoric, Dry Mouth,,,Blueberry, Berry,,
105659,Sour Bubble,Indica,Pain, Depression, Nausea, Insomnia, Stress,Relaxed, Sleepy, Happy, Creative, Dry Mouth, Anxious,,,Sweet, Earthy,,
106004,Blueberry Dream,Hybrid,Stress, Depression, Pain, Insomnia,,Relaxed, Euphoric, Happy, Focused, Creative, Dry Mouth,,,Blueberry, Berry, Earthy,
106037,Lucy,Hybrid,,,,,,Relaxed,Sleepy,Uplifted,Happy,Hungry,,,,,,,
106437,Clementine,Hybrid,Stress, Pain, Depression, Nausea,,Happy, Energetic, Euphoric, Relaxed, Uplifted, Dry Mouth, Anxious,,Citrus, Orange, Sweet,
106695,Bogglegum,Hybrid,,,,,,,,,,,,,,Sweet,Earthy,Berry,
106801,Hempstar,Sativa,Stress, Depression, Nausea, Pain, Lack of Appetite,Happy, Focused, Relaxed, Euphoric, Uplifted, Dry Mouth, Paranoid,,Earthy,,,
107413,Poochie Love,Hybrid,,,,,,Euphoric, Focused, Creative, Happy, Energetic,,,,Earthy, Skunk,,
107828,Light of Jah,Hybrid,Stress, Depression, Pain,,,Happy, Uplifted, Energetic, Euphoric, Focused, Dry Mouth,,,Earthy,,,
107930,8 Ball Kush,Indica,Depression, Pain, Insomnia, Inflammation,,Relaxed, Happy, Hungry, Creative, Euphoric, Dry Mouth, Paranoid,,Earthy, Pine,,
109072,Super G,Hybrid,,,,,,Creative, Tingly, Uplifted, Energetic, Happy,,,,Earthy, Pine,,
109333,Opal OG Kush,Indica,Stress, Insomnia, Muscle Spasms, Depression, Lack of Appetite,Relaxed, Euphoric, Horny, Happy, Focused, Dry Mouth, Paranoid,,Earthy, Lavender, Strawberry,
112354,Twisted Citrus,Sativa,Depression, Stress, Inflammation, Lack of Appetite,,Energetic, Uplifted, Talkative, Creative, Happy, Dry Mouth, Anxious,,Citrus, Orange, Lemon,
112565,Strawberry Amnesia,Sativa,Stress, Depression, Lack of Appetite,,,Euphoric, Uplifted, Relaxed, Energetic, Focused, Dry Mouth, Anxious,,Strawberry, Sweet,,
112879,Platinum Purple Kush,Indica,Insomnia, Stress, Pain, Depression, Lack of Appetite,Relaxed, Euphoric, Happy, Hungry, Uplifted, Dry Mouth, Paranoid, Anxious,Sweet, Berry, Earthy,
114220,Extreme Cream,Hybrid,Pain, Stress, Depression, Muscle Spasms, Inflammation,Relaxed, Euphoric, Happy, Uplifted, Hungry, Dry Mouth, Paranoid,,Earthy, Sweet,,
114492,Mammoth,Hybrid,,,,,,Happy,Relaxed,Focused,Uplifted,Creative,,,,,,,
115248,Do-Si-Dos,Indica,Stress, Pain, Depression, Insomnia, Lack of Appetite,Relaxed, Euphoric, Happy, Sleepy, Uplifted, Dry Mouth, Paranoid, Anxious,Earthy, Sweet,,
115315,Face Off OG,Indica,Pain, Stress, Insomnia, Lack of Appetite, Depression,Relaxed, Sleepy, Hungry, Euphoric, Happy, Dry Mouth,,,Earthy, Citrus, Pine,
116223,Dream Beaver,Hybrid,Muscle Spasms, Pain, Seizures,,,Uplifted, Talkative, Energetic, Creative, Focused, Dry Mouth, Anxious,,Pineapple, Earthy,,
116229,Hulkamania,Indica,Depression, Inflammation, Insomnia, Lack of Appetite,,Horny, Tingly, Uplifted, Euphoric, Happy,,,,Sweet, Berry,,
117882,Lemon Meringue,Hybrid,Depression, Stress, Pain,,,Uplifted, Happy, Creative, Energetic, Talkative, Anxious,,,Lemon, Citrus, Sweet,
119729,East Coast Sour Diesel,Sativa,Muscle Spasms, Stress, Pain, Depression, Inflammation,Happy, Focused, Energetic, Uplifted, Euphoric, Dry Mouth, Paranoid, Anxious,Citrus, Lemon,,
121080,Brandywine,Indica,,,,,,Sleepy, Talkative, Tingly, Uplifted, Euphoric,,,,,,,
122150,Frida,Indica,Pain, Inflammation, Stress, Muscle Spasms, Depression,Relaxed, Happy, Creative, Horny, Uplifted, Anxious,,,Lemon, Earthy, Pine,
124043,Elphinstone,Hybrid,Depression, Pain, Stress,,,Happy, Uplifted, Creative, Focused, Relaxed, Anxious,,,Citrus, Pine,,
124559,Rocklock,Hybrid,Stress, Depression, Muscle Spasms, Inflammation,,Relaxed, Uplifted, Happy, Euphoric, Sleepy, Dry Mouth, Paranoid,,Earthy,,,
125073,Ambrosia,Hybrid,,,,,,Uplifted,Euphoric,Relaxed,Creative,Focused,,,,,,,
125348,Bangi Haze,Hybrid,Inflammation, Stress,,,,Horny, Uplifted, Euphoric, Hungry,,,,,Berry,,,
127113,Outer Space,Hybrid,Stress, Pain, Depression, Lack of Appetite,,Uplifted, Energetic, Happy, Creative, Euphoric, Dry Mouth, Anxious, Paranoid,Citrus, Sweet, Pine,
127118,Herijuana,Hybrid,Stress, Pain, Insomnia, Depression,,Relaxed, Sleepy, Happy, Uplifted, Euphoric, Dry Mouth, Paranoid, Anxious,Earthy, Pine,,
127118,Herijuana,Hybrid,Stress, Pain, Insomnia, Depression,,Relaxed, Sleepy, Happy, Uplifted, Euphoric, Dry Mouth, Paranoid, Anxious,Earthy, Pine,,
127591,Pineapple Haze,Hybrid,Depression, Stress, Lack of Appetite,,,Relaxed, Euphoric, Happy, Uplifted, Focused, Dry Mouth, Paranoid,,Pineapple, Citrus,,
128978,Lemon Jack,Hybrid,Stress, Depression, Pain,,,Energetic, Happy, Relaxed, Euphoric, Dry Mouth, Anxious, Paranoid,,Lemon, Citrus, Earthy,
128992,Jack Smack,Sativa,Depression, Stress, Lack of Appetite,,,Energetic, Uplifted, Focused, Happy, Creative, Dry Mouth,,,Blueberry, Earthy,,
129525,Blueberry Pie,Hybrid,,,,,,,,,,,,,,Sweet,Chemical,Citrus,
130954,Pamelina,Indica,Depression, Insomnia, Lack of Appetite, Nausea, Stress,Euphoric, Relaxed, Sleepy, Uplifted, Creative, Dry Mouth,,,,,,
131541,Green Haze,Sativa,Pain, Stress, Nausea, Depression, Lack of Appetite,Happy, Talkative, Creative, Euphoric, Uplifted, Dry Mouth, Paranoid, Anxious,Earthy,,,
133258,CBD Critical Cure,Indica,Pain, Stress, Inflammation, Muscle Spasms, Depression,Relaxed, Uplifted, Happy, Hungry, Focused, Dry Mouth, Anxious,,Earthy, Sweet,,
133817,Yumboldt,Hybrid,Insomnia, Pain, Stress, Depression, Muscle Spasms,Relaxed, Sleepy, Happy, Euphoric, Uplifted, Dry Mouth, Paranoid,,Citrus, Earthy, Sweet,
134088,ASH,Hybrid,,,,,,Relaxed,Happy,Uplifted,Euphoric,Sleepy,,,,,,,
135894,Blue Bastard,Indica,Stress, Insomnia, Pain, Depression, Muscle Spasms,Euphoric, Happy, Sleepy, Uplifted, Creative, Dry Mouth, Paranoid,,Berry, Pine,,
136333,Dr. Funk,Hybrid,Stress, Insomnia, Lack of Appetite, Pain, Depression,Euphoric, Relaxed, Happy, Uplifted, Tingly, Dry Mouth,,,Earthy, Berry, Blueberry,
136914,Electric Lemon G,Hybrid,Stress, Depression, Pain, Lack of Appetite,,Euphoric, Focused, Energetic, Happy, Uplifted, Dry Mouth, Paranoid, Anxious,Lemon, Citrus, Lime,
141355,Sugar Momma,Hybrid,,,,,,,,,,,,,,Earthy,Woody,Citrus,
141454,Crouching Tiger Hidden Alien,Indica,Stress, Inflammation, Muscle Spasms, Nausea, Pain,Relaxed, Happy, Euphoric, Tingly, Uplifted, Dry Mouth,,,Earthy, Pine,,
141726,Pakistani Chitral Kush,Indica,Stress, Insomnia, Pain, Muscle Spasms, Lack of Appetite,Relaxed, Happy, Hungry, Tingly, Uplifted, Dry Mouth,,,Earthy, Sweet, Berry,
147701,Tesla Tower,Sativa,Depression, Pain, Stress,,,Tingly, Uplifted, Relaxed, Creative, Energetic,,,,Pepper, Sweet, Berry,
148794,Emerald OG,Hybrid,Stress, Depression, Insomnia, Nausea,,Relaxed, Sleepy, Euphoric, Happy, Uplifted, Dry Mouth, Anxious,,Citrus,,,
149424,Sonoma Coma,Hybrid,Depression, Stress, Pain, Lack of Appetite, Nausea,Euphoric, Happy, Uplifted, Relaxed, Energetic, Dry Mouth, Paranoid,,Citrus,,,
149520,Flo OG,Indica,Pain, Stress, Inflammation, Insomnia,,Happy, Relaxed, Euphoric, Focused, Creative, Dry Mouth,,,Sweet, Berry,,
150992,VCDC,Hybrid,,,,,,Relaxed,Happy,Euphoric,Focused,Uplifted,,,,,,,
151161,Hubbabubbasmelloscope,Hybrid,,,,,,,,,,,,,,Sweet,Pungent,Flowery,
151952,Tesla,Hybrid,,,,,,Uplifted,Relaxed,Happy,Euphoric,Giggly,,,,,,,
154875,Hashberry,Hybrid,Pain, Insomnia, Lack of Appetite, Muscle Spasms,,Relaxed, Happy, Euphoric, Uplifted, Tingly, Dry Mouth, Paranoid, Anxious,Berry, Sweet,,
155079,Trix,Hybrid,Stress, Depression,,,,Happy, Talkative, Uplifted, Energetic, Anxious,,,,Sweet, Berry, Grape,
155135,Sirius Black,Indica,Stress, Pain, Depression, Muscle Spasms,,Relaxed, Uplifted, Happy, Euphoric, Sleepy, Dry Mouth,,,Sweet, Grape,,
155504,Locomotion,Hybrid,Stress, Pain, Depression, Nausea,,Euphoric, Relaxed, Happy, Talkative, Dry Mouth, Paranoid, Anxious,,Earthy,,,
156996,Rocky Mountain Blueberry,Indica,Stress, Depression, Pain,,,Euphoric, Uplifted, Relaxed, Energetic, Talkative, Dry Mouth, Paranoid,,Blueberry, Berry, Sweet,
157092,Gummo,Hybrid,,,,,,Euphoric,Uplifted,Happy,Relaxed,Aroused,,,,,,,
157180,Funfetti,Hybrid,,,,,,Happy,Relaxed,Euphoric,Energetic,Uplifted,,,,,,,
160624,Dark Matter,Hybrid,,,,,,,,,,,,,,Citrus,Blueberry,Strawberry,
162165,Anesthesia,Indica,Pain, Stress, Insomnia, Lack of Appetite,,Hungry, Sleepy, Happy, Euphoric, Creative, Paranoid, Anxious,,Earthy,,,
162166,Sinai,Sativa,Lack of Appetite, Stress,,,,Euphoric, Uplifted, Relaxed, Talkative, Happy,,,,Pepper,,,
164979,Purple Candy,Hybrid,Insomnia, Stress, Pain, Depression, Muscle Spasms,Relaxed, Happy, Sleepy, Euphoric, Hungry, Dry Mouth, Paranoid,,Sweet, Grape, Earthy,
168294,Tardis,Hybrid,Depression, Stress, Nausea, Pain,,Talkative, Energetic, Happy, Creative, Uplifted, Dry Mouth,,,Sweet, Earthy,,
169149,Purple Panty Dropper,Hybrid,Stress, Pain, Muscle Spasms, Insomnia, Depression,Relaxed, Uplifted, Euphoric, Horny, Happy, Dry Mouth, Anxious, Paranoid,Berry, Grape, Earthy,
171479,Thunderstruck,Sativa,Depression, Inflammation, Pain, Stress,,Happy, Relaxed, Tingly, Uplifted, Talkative,,,,Pine,,,
172850,Grape Inferno,Hybrid,Insomnia, Pain, Stress, Depression, Inflammation,Relaxed, Sleepy, Hungry, Focused, Happy, Dry Mouth, Paranoid, Anxious,Citrus,,,
173677,Purple Chemdawg,Indica,Pain, Stress, Depression, Insomnia,,Relaxed, Euphoric, Happy, Uplifted, Creative, Dry Mouth, Anxious,,Grape, Earthy, Sweet,
173834,Darth Vader OG,Indica,Insomnia, Stress, Pain, Depression,,Relaxed, Sleepy, Happy, Euphoric, Hungry, Dry Mouth, Paranoid,,Grape, Earthy, Sweet,
174077,Headbanger,Hybrid,,,,,,Happy,Uplifted,Euphoric,Relaxed,Hungry,,,,,,,
174492,Red Congolese,Hybrid,Stress, Depression, Pain,,,Energetic, Euphoric, Uplifted, Happy, Focused, Dry Mouth, Anxious,,Earthy,,,
176052,1024,Hybrid,Stress, Pain, Depression, Inflammation,,Uplifted, Relaxed, Energetic, Creative, Dry Mouth, Anxious,,,Pine,,,
176637,Confidential Cheese,Hybrid,Stress, Pain, Insomnia,,,Sleepy, Relaxed, Happy, Hungry, Creative, Dry Mouth, Anxious, Paranoid,Pine, Sweet,,
177591,Golden Tangie,Sativa,,,,,,Horny, Energetic, Focused, Happy,,,,,,,,
178339,IG Kush,Hybrid,,,,,,,,,,,,,,Earthy,Woody,Sweet,
182898,El Jefe,Hybrid,Depression, Stress, Pain, Insomnia,,Relaxed, Euphoric, Tingly, Happy, Creative, Dry Mouth, Paranoid,,Earthy, Pine,,
182899,Grape Cookies,Hybrid,Stress, Muscle Spasms, Pain, Insomnia,,Relaxed, Happy, Sleepy, Euphoric, Hungry, Dry Mouth, Paranoid, Anxious,Grape, Sweet, Berry,
182906,The Cough,Sativa,Stress, Pain, Depression, Nausea,,Uplifted, Focused, Relaxed, Hungry, Euphoric, Dry Mouth, Anxious,,Pine, Citrus,,
183048,Misty Kush,Indica,Muscle Spasms, Pain, Insomnia,,,Happy, Euphoric, Relaxed, Uplifted, Talkative, Dry Mouth, Paranoid,,Sweet, Mango, Lemon,
183546,Lemon Cake,Hybrid,Stress,,,,,Happy, Relaxed, Creative, Energetic, Euphoric,,,,Lemon, Sweet,,
183743,Nicole Kush,Hybrid,Insomnia, Depression,,,,Relaxed, Euphoric, Sleepy, Uplifted, Dry Mouth,,,,Earthy, Sweet,,
187786,Diamond OG,Hybrid,Stress, Pain, Insomnia, Depression, Lack of Appetite,Relaxed, Sleepy, Happy, Euphoric, Uplifted, Dry Mouth, Paranoid, Anxious,Earthy, Pine,,
187955,13,,,,,,,,,,,,,,,Honey,Earthy,Woody,
189939,Belladonna,Hybrid,,,,,,Happy,Sleepy,Giggly,Euphoric,Uplifted,,,,,,,
189944,White Haze,Hybrid,Stress, Depression, Lack of Appetite, Nausea,,Focused, Creative, Energetic, Euphoric, Happy, Dry Mouth,,,Lemon, Pine, Citrus,
194938,Voodoo,Hybrid,Pain, Insomnia, Stress,,,Relaxed, Sleepy, Hungry, Tingly, Euphoric, Dry Mouth, Paranoid, Anxious,Citrus,,,
197377,Killing Fields,Sativa,Depression, Stress, Pain, Nausea,,Energetic, Happy, Focused, Euphoric, Uplifted, Dry Mouth, Paranoid,,Lemon, Citrus,,
197526,Rainbow Jones,Indica,Depression, Stress, Inflammation, Lack of Appetite,,Relaxed, Euphoric, Focused, Talkative, Uplifted,,,,Earthy, Sweet,,
198555,Crimson Crush,Hybrid,,,,,,,,,,,,,,Flowery,Lavender,Earthy,
199382,Iced Widow,Indica,Lack of Appetite, Stress, Pain, Insomnia, Depression,Relaxed, Happy, Talkative, Hungry, Dry Mouth, Anxious,,,Earthy, Pine,,
201103,Eran Almog,Hybrid,Stress, Insomnia, Pain, Inflammation, Depression,Relaxed, Sleepy, Euphoric, Happy, Uplifted, Dry Mouth, Paranoid,,Earthy, Sweet, Citrus,
202380,Chocolate Diesel,Hybrid,Stress, Nausea, Pain, Depression,,Euphoric, Happy, Energetic, Creative, Uplifted, Dry Mouth, Paranoid, Anxious,Pine,,,
202674,Alien Bubba,Hybrid,Stress, Depression, Pain, Insomnia, Lack of Appetite,Relaxed, Happy, Euphoric, Sleepy, Uplifted, Dry Mouth, Anxious,,Earthy,,,
202758,Kobain Kush,Hybrid,Pain, Stress, Depression, Insomnia,,Relaxed, Happy, Sleepy, Euphoric, Hungry, Anxious,,,Earthy,,,
202865,Salmon River OG,Hybrid,Stress, Depression, Pain, Muscle Spasms, Insomnia,Relaxed, Sleepy, Talkative, Happy, Euphoric, Dry Mouth,,,Earthy,,,
203365,Grape Valley Kush,Hybrid,Lack of Appetite, Pain, Muscle Spasms, Inflammation, Depression,Relaxed, Sleepy, Euphoric, Hungry, Creative,,,,Pineapple,,,
203809,A-Dub,Hybrid,,,,,,Relaxed,Happy,Euphoric,Uplifted,Sleepy,,,,Pungent,Skunk,Spicy/Herbal,
210141,Cherry Kola,Hybrid,Stress, Depression, Pain, Lack of Appetite, Insomnia,Euphoric, Happy, Relaxed, Uplifted, Dry Mouth, Paranoid, Anxious,,Berry, Sweet,,
211756,Rare Darkness,Hybrid,Insomnia, Pain, Stress, Muscle Spasms, Inflammation,Relaxed, Sleepy, Euphoric, Hungry, Happy, Dry Mouth, Anxious,,Grape, Citrus, Sweet,
215921,Blue Buddha,Indica,Depression, Insomnia, Lack of Appetite,,,Happy, Relaxed, Tingly, Euphoric,,,,,,,,
216859,Candy Jack,Hybrid,Stress, Depression, Lack of Appetite,,,Happy, Uplifted, Energetic, Euphoric, Creative, Dry Mouth, Anxious, Paranoid,Sweet, Citrus, Pine,
218358,Ultra Sour,Hybrid,Depression, Lack of Appetite, Stress,,,Uplifted, Energetic, Creative, Happy, Hungry, Dry Mouth, Anxious,,Lemon, Skunk,,
218624,Thai Haze,Hybrid,Depression, Stress, Pain, Lack of Appetite, Muscle Spasms,Creative, Energetic, Happy, Horny, Euphoric, Anxious, Dry Mouth,,Pine, Pepper, Sweet,
218708,Clifford,Hybrid,,,,,,,,,,,,,,Earthy,Berry,Citrus,
222254,White Afghani,Hybrid,,,,,,,,,,,,,,Tropical,Pepper,Sweet,
223358,Gooberry,Hybrid,Pain, Stress, Nausea, Lack of Appetite, Inflammation,Euphoric, Happy, Relaxed, Horny, Dry Mouth,,,,Berry, Sweet,,
229933,Doctor Doctor,Sativa,Inflammation, Muscle Spasms, Nausea, Pain,,Relaxed, Uplifted, Focused, Happy, Tingly,,,,Sweet, Strawberry, Citrus,
231077,Terminator OG,Indica,Stress, Insomnia, Pain, Muscle Spasms,,Relaxed, Happy, Sleepy, Creative, Uplifted, Dry Mouth,,,Sweet, Pine, Rose,
233186,Pinot Noir,Hybrid,,,,,,,,,,,,,,Citrus,Sweet,Orange,
233690,Bluniverse,Hybrid,,,,,,Euphoric,Uplifted,Happy,Tingly,Creative,,,,Berry,Woody,Earthy,
